,yummy,convenient,spicy,fattening,greasy,fast,cheap,tasty,expensive,healthy,disgusting,Like,Age,VisitFrequency,Gender
0,0,1,0,1,0,1,1,0,1,0,0,6,61,0,0
1,1,1,0,1,1,1,1,1,1,0,0,1,51,0,0
2,0,1,1,1,1,1,0,1,1,1,0,0,62,0,0
3,1,1,0,1,1,1,1,1,0,0,1,3,69,4,0
4,0,1,0,1,1,1,1,0,0,1,0,1,49,3,1
5,1,1,0,1,0,1,1,1,0,0,0,1,55,0,1
6,1,1,1,1,0,1,0,1,1,1,0,1,56,0,0
7,1,1,0,1,1,1,1,1,0,0,0,10,23,4,0
8,0,0,0,1,1,0,0,0,1,0,1,9,58,5,1
9,1,1,0,1,1,1,0,1,1,0,0,0,32,0,0
10,0,1,0,1,0,1,1,0,0,0,1,5,53,0,0
11,1,1,0,1,1,1,0,1,1,0,1,2,28,3,1
12,0,1,0,1,0,1,1,0,0,0,0,8,65,0,1
13,1,1,0,1,0,1,0,1,1,1,0,10,54,3,1
14,0,1,0,1,0,1,0,0,1,0,0,6,67,3,1
15,1,1,0,1,0,1,1,1,0,0,0,2,51,3,1
16,1,1,0,1,1,1,1,1,0,0,0,8,34,3,0
17,1,1,0,0,1,1,0,1,0,0,0,1,31,3,1
18,0,0,0,1,1,1,1,0,1,0,1,7,47,0,0
19,1,1,0,1,1,1,0,1,1,0,1,10,37,1,1
20,1,1,0,1,1,1,0,1,1,0,1,1,41,5,0
21,1,1,0,1,0,1,1,1,1,0,0,1,36,3,1
22,1,1,1,1,1,1,1,1,1,0,1,5,23,4,0
23,1,1,1,1,0,1,0,1,1,0,0,10,50,1,0
24,1,1,0,1,0,1,1,1,0,1,0,1,39,0,0
25,1,1,0,1,1,1,1,0,1,0,0,8,35,0,0
26,1,1,0,1,1,1,1,1,0,0,1,8,20,0,1
27,0,1,0,1,1,1,0,1,0,1,0,8,34,3,0
28,0,1,0,0,0,1,0,0,0,0,0,8,55,0,1
29,1,1,0,1,0,1,1,1,0,1,0,2,24,0,0
30,1,1,0,1,1,1,1,1,0,0,0,2,44,3,1
31,0,1,0,0,0,1,1,1,0,1,0,2,40,3,0
32,1,1,0,1,1,1,1,1,0,0,0,0,55,3,1
33,0,1,0,1,1,1,1,0,0,0,1,7,37,2,1
34,1,1,0,1,0,1,1,1,0,1,0,3,48,4,1
35,0,1,0,1,1,1,1,0,0,0,1,5,54,0,0
36,1,1,0,1,0,1,1,1,0,1,0,2,38,0,0
37,0,1,0,1,1,1,1,0,0,0,1,9,49,0,0
38,0,0,0,1,1,1,1,0,0,0,1,7,35,2,0
39,0,0,0,1,1,1,0,0,1,0,1,7,55,5,1
40,1,0,0,1,0,0,0,1,1,0,0,1,31,5,1
41,1,1,0,1,0,1,1,1,0,1,0,2,57,1,1
42,1,1,1,1,0,1,1,1,0,1,0,3,69,1,1
43,1,1,0,1,0,1,0,1,0,0,0,2,37,0,0
44,0,1,0,1,1,1,1,0,0,0,1,9,60,2,1
45,1,1,1,1,1,1,1,1,1,1,1,1,36,3,1
46,0,1,0,0,0,1,0,1,0,1,0,0,54,0,1
47,1,1,0,1,0,1,0,1,1,0,0,3,66,3,1
48,1,1,0,1,0,1,1,1,0,0,0,8,32,3,0
49,1,1,0,1,1,1,1,1,0,0,0,1,67,5,1
50,0,1,1,1,1,1,0,0,1,0,1,7,42,4,0
51,1,1,0,1,1,1,1,0,0,0,0,1,26,3,0
52,1,1,0,1,1,1,0,1,1,0,0,0,58,5,0
53,0,1,0,1,0,1,0,0,1,0,1,9,48,3,1
54,1,1,0,0,0,1,1,1,0,1,0,3,54,3,0
55,0,1,0,1,0,1,1,1,0,0,0,8,62,5,1
56,0,1,0,1,1,1,1,0,0,0,1,7,52,5,0
57,0,1,0,1,1,1,1,0,0,0,0,8,53,0,1
58,1,1,0,1,0,1,1,1,0,0,0,3,47,1,1
59,1,1,0,1,1,1,1,1,0,0,0,10,26,3,0
60,1,1,0,1,1,1,0,1,0,0,0,10,29,4,0
61,1,1,0,1,1,1,1,1,0,1,0,2,24,4,1
62,1,1,0,1,0,1,1,1,0,1,0,10,25,4,0
63,0,1,0,1,1,1,0,0,1,0,0,8,54,3,1
64,1,1,0,1,1,1,1,1,0,0,0,3,23,3,0
65,0,0,0,1,0,1,0,0,1,0,1,8,34,2,0
66,0,1,0,0,0,0,0,0,1,0,0,0,47,0,1
67,1,1,1,1,1,1,1,1,1,1,1,2,22,4,1
68,0,1,0,1,0,1,1,1,0,1,0,8,47,5,1
69,1,1,0,1,0,1,1,1,0,0,0,3,56,3,1
70,0,1,0,1,0,1,1,0,0,1,0,4,55,0,1
71,1,1,0,0,0,1,1,1,0,1,0,2,56,0,0
72,0,1,0,1,0,0,0,1,1,0,0,8,56,0,0
73,0,1,0,1,1,1,1,1,0,0,0,1,37,0,0
74,1,1,0,0,0,1,1,1,0,1,0,10,50,4,0
75,0,1,0,1,1,0,0,0,1,0,1,4,40,0,1
76,1,1,0,1,0,1,1,1,0,0,0,3,61,4,1
77,0,1,0,1,0,1,0,0,1,0,0,5,55,0,1
78,1,1,1,1,1,1,0,1,1,0,0,4,45,5,0
79,1,1,0,0,0,1,1,1,0,1,0,0,42,3,1
80,0,1,0,1,1,1,0,0,0,0,1,1,52,0,1
81,0,1,0,1,0,1,1,1,0,0,0,1,58,5,0
82,0,1,0,1,0,1,1,1,0,0,0,0,48,3,1
83,1,1,0,0,0,1,1,1,0,1,0,2,58,4,1
84,0,0,0,1,1,1,0,1,1,0,0,6,18,5,1
85,1,1,0,0,0,1,1,1,0,0,0,3,68,3,0
86,1,1,0,1,1,1,1,1,1,0,1,0,49,3,0
87,0,1,0,1,1,0,0,1,1,0,0,9,50,4,0
88,1,1,0,1,0,1,0,1,1,0,0,1,43,0,0
89,1,1,1,1,0,1,1,1,1,0,0,3,67,0,1
90,1,1,0,1,0,1,1,1,0,0,0,0,40,4,0
91,1,1,0,1,1,1,1,1,0,0,1,9,35,2,1
92,0,0,0,1,1,0,0,0,1,0,1,9,42,0,0
93,0,1,0,1,0,1,1,1,0,0,0,1,41,0,0
94,1,1,0,1,1,1,1,1,0,1,0,3,32,3,1
95,1,1,0,1,1,1,0,1,0,0,0,2,21,3,0
96,0,1,0,1,1,1,1,1,0,0,0,3,56,4,0
97,0,1,0,1,1,1,0,0,0,0,0,1,27,0,1
98,0,1,0,1,1,1,0,0,1,0,0,8,48,5,0
99,1,1,0,1,0,1,1,1,0,0,0,1,32,4,1
100,0,1,0,1,1,1,1,0,0,0,0,2,50,3,1
101,1,1,0,1,1,1,0,1,1,0,0,1,42,5,0
102,1,1,1,1,1,1,1,1,1,1,1,10,35,1,1
103,1,1,1,1,0,1,1,1,0,0,0,3,57,3,0
104,1,1,0,1,0,1,0,1,0,0,0,2,68,3,1
105,0,1,0,1,0,1,0,0,1,0,0,2,51,3,0
106,1,1,0,1,1,0,0,1,1,0,1,5,42,0,0
107,0,1,0,1,0,0,0,0,0,0,0,8,44,0,0
108,1,1,0,1,0,1,1,1,0,0,0,1,57,5,0
109,0,1,0,1,1,1,1,0,0,0,0,1,56,5,0
110,0,1,1,1,0,0,0,0,0,0,0,5,57,0,0
111,1,1,0,0,0,1,0,1,1,1,0,10,33,4,0
112,0,0,0,1,1,0,0,0,1,0,1,6,63,0,1
113,1,1,0,1,0,1,0,1,1,0,0,1,55,3,1
114,0,1,0,1,1,0,0,0,1,0,0,8,39,0,0
115,0,1,0,1,0,1,1,0,0,0,0,6,65,2,1
116,1,1,1,1,1,1,1,1,0,1,0,3,47,4,0
117,1,1,0,1,0,1,1,1,0,1,0,0,37,0,0
118,0,1,0,1,1,1,1,0,0,0,1,4,22,5,1
119,0,1,0,1,1,1,1,0,0,0,0,5,51,0,1
120,1,1,0,0,0,1,1,1,0,1,0,10,24,3,0
121,1,1,1,1,1,1,1,1,1,0,0,0,49,3,0
122,1,1,0,1,0,1,0,1,1,1,0,10,55,3,0
123,0,1,0,1,0,1,1,0,0,0,1,9,48,5,1
124,1,1,0,1,1,1,1,1,0,0,0,2,24,0,0
125,0,1,0,1,0,1,0,1,1,0,0,5,47,0,1
126,0,1,0,1,0,1,1,0,0,0,1,7,54,5,1
127,1,1,0,1,0,1,1,1,0,0,0,3,23,4,0
128,0,1,0,1,1,1,1,0,0,1,0,0,34,0,0
129,1,1,0,1,1,1,1,1,0,0,1,2,32,3,0
130,0,1,0,0,0,1,1,0,0,0,0,2,58,3,0
131,0,1,0,1,0,1,0,0,1,0,0,8,46,5,0
132,1,1,0,1,0,1,1,1,0,0,0,8,23,0,0
133,1,1,0,1,1,1,1,1,0,0,0,0,31,3,1
134,0,1,0,1,1,1,1,1,0,0,0,8,59,5,1
135,0,1,1,1,1,1,0,0,1,1,0,8,47,3,1
136,1,1,0,1,0,1,1,1,0,0,0,2,58,1,0
137,1,1,0,1,0,1,1,1,0,0,0,3,55,0,1
138,1,1,0,1,1,0,1,1,0,0,0,3,62,3,0
139,1,1,0,1,1,1,1,1,0,0,0,1,20,3,1
140,0,1,0,1,0,1,1,1,0,0,0,8,42,0,1
141,0,1,0,1,1,1,1,0,0,0,1,6,29,3,1
142,0,1,0,1,0,1,0,0,1,0,0,0,63,3,1
143,0,1,0,1,1,1,1,1,0,0,1,1,26,4,1
144,1,0,0,1,1,1,1,1,0,0,0,10,19,3,0
145,1,1,0,1,0,1,1,1,0,0,0,0,61,5,0
146,1,1,0,1,1,1,0,1,1,0,0,10,19,4,1
147,1,1,0,1,0,1,0,1,1,1,0,3,56,3,0
148,0,1,0,1,1,1,0,0,1,0,1,7,39,5,0
149,1,1,0,1,1,1,0,1,1,0,0,8,45,3,1
150,0,0,0,1,1,0,0,0,1,0,1,9,52,5,1
151,1,1,0,0,0,1,1,1,0,1,0,8,42,3,0
152,1,1,0,1,1,1,0,1,1,0,0,2,47,3,0
153,1,1,0,1,0,1,1,1,0,0,0,10,22,4,0
154,1,1,1,1,1,1,1,1,0,0,0,1,63,3,1
155,1,1,0,1,1,1,1,1,0,0,0,10,65,0,0
156,0,1,0,0,0,1,1,1,0,0,0,0,63,0,1
157,1,1,0,1,1,1,0,1,1,0,0,2,25,3,1
158,1,1,0,1,1,1,0,1,1,0,0,0,62,5,1
159,0,1,0,1,1,0,1,0,0,0,0,8,59,5,0
160,0,1,0,1,1,1,1,1,0,0,0,0,67,5,1
161,0,0,0,1,1,1,0,0,1,0,1,9,60,2,1
162,1,1,0,0,0,1,1,1,0,1,0,3,69,4,1
163,0,0,0,1,1,1,0,0,1,0,1,9,40,2,1
164,1,1,0,0,0,1,1,1,0,1,0,1,67,5,1
165,1,1,0,0,0,1,1,1,0,1,0,1,37,0,0
166,0,1,1,0,1,1,0,0,1,0,0,7,65,0,1
167,1,1,0,1,0,1,0,1,1,0,0,2,64,3,0
168,1,1,0,1,0,1,1,1,0,0,0,3,57,3,0
169,1,1,0,1,1,1,0,1,1,1,0,10,37,4,1
170,1,1,0,1,1,1,0,1,1,1,0,1,39,3,0
171,1,1,0,1,0,1,0,1,0,0,0,0,64,0,1
172,1,1,0,1,1,1,1,1,0,0,1,5,23,5,1
173,1,0,1,1,1,1,1,0,0,0,1,1,50,4,0
174,0,1,0,1,1,1,0,0,1,0,1,7,60,0,1
175,0,1,0,1,1,1,0,0,1,0,1,5,32,5,1
176,0,1,0,1,1,1,1,0,0,0,1,9,59,2,0
177,0,0,0,1,0,1,0,0,1,0,1,5,37,3,1
178,1,1,0,1,1,1,0,1,0,1,0,2,25,1,0
179,0,1,0,0,0,1,0,0,0,0,0,2,55,3,1
180,0,1,0,1,1,1,0,1,1,0,1,5,25,3,1
181,0,1,0,0,0,1,1,0,0,1,1,6,35,5,0
182,0,0,1,1,1,1,1,0,0,0,1,7,58,2,0
183,0,1,0,1,1,1,1,0,0,0,1,9,32,2,1
184,1,1,0,1,1,1,1,1,1,0,1,9,45,2,0
185,0,1,0,1,0,1,0,0,1,0,0,6,60,5,0
186,0,1,0,1,0,1,1,1,0,0,0,2,59,5,1
187,0,1,0,1,0,1,1,0,0,0,0,8,36,3,0
188,0,1,0,1,1,1,1,0,0,0,1,8,55,5,1
189,1,1,0,1,0,1,1,0,0,0,0,0,55,0,0
190,1,1,0,1,0,1,0,1,1,0,0,2,22,3,0
191,1,1,0,1,1,1,1,1,0,0,0,2,21,4,0
192,1,1,0,1,1,1,1,1,0,0,0,0,62,4,1
193,1,1,0,1,1,1,1,1,0,0,0,2,29,3,1
194,1,1,0,1,1,1,1,1,0,1,0,0,36,3,0
195,0,1,0,1,1,1,0,0,0,0,0,8,44,5,1
196,0,1,0,1,1,1,1,0,0,0,0,1,47,5,0
197,0,0,0,1,1,0,0,0,1,0,1,9,57,5,0
198,0,1,0,1,0,1,1,1,0,0,0,0,23,5,0
199,1,1,0,1,1,1,1,1,0,0,0,10,31,4,0
200,1,1,0,0,0,1,1,1,0,1,0,3,70,1,0
201,1,1,1,1,0,1,1,1,0,1,0,10,24,4,1
202,0,1,0,1,1,1,0,1,1,0,0,2,27,0,1
203,0,1,0,1,1,1,1,0,0,0,1,9,58,2,0
204,0,1,1,1,0,1,1,0,0,0,0,1,51,4,1
205,0,0,0,1,1,0,0,0,1,0,1,5,36,0,1
206,0,1,0,1,0,1,1,1,0,0,0,8,36,3,0
207,0,0,1,1,1,1,0,0,1,0,1,8,43,0,1
208,0,1,1,1,1,0,0,0,1,0,1,6,64,2,1
209,0,1,0,1,0,1,0,0,1,0,1,6,52,3,1
210,0,1,0,1,0,1,1,1,0,0,0,0,53,2,1
211,0,1,0,1,1,1,0,0,1,0,1,9,52,2,0
212,1,1,1,1,1,1,1,1,0,0,0,2,33,4,0
213,1,1,0,1,1,1,1,1,0,0,0,10,24,4,1
214,1,1,0,0,0,1,0,1,0,0,0,3,64,3,0
215,1,1,1,1,1,1,0,1,1,1,1,2,41,3,1
216,0,0,0,1,1,0,1,0,0,0,1,9,56,5,0
217,1,1,0,1,0,1,1,1,0,1,0,3,49,3,0
218,1,0,0,1,1,1,0,1,1,0,0,4,24,5,0
219,0,1,0,1,0,1,1,0,0,0,0,1,62,0,0
220,0,1,0,0,0,1,1,1,0,0,0,8,56,0,1
221,1,1,0,1,1,0,0,1,0,0,0,2,67,0,1
222,1,1,0,1,0,1,1,1,0,0,0,2,27,3,1
223,0,1,0,1,0,1,0,0,1,0,1,7,53,5,1
224,1,1,1,1,0,1,1,1,0,1,1,7,60,5,0
225,0,1,0,1,1,1,1,1,0,0,0,8,51,5,0
226,0,1,1,1,1,1,0,1,1,0,0,9,67,5,0
227,1,1,0,1,0,1,1,1,0,0,0,2,27,3,0
228,0,1,0,1,1,1,0,0,1,0,0,8,56,0,1
229,1,1,0,1,1,1,1,1,0,0,0,3,39,3,1
230,1,1,0,1,0,1,1,1,0,0,0,3,35,4,0
231,1,1,0,1,1,1,1,1,0,0,0,1,68,3,0
232,1,1,0,0,1,1,1,1,0,1,0,10,57,4,0
233,0,1,0,1,1,1,1,0,0,0,1,9,50,2,0
234,1,1,0,0,0,1,1,1,0,1,0,2,64,3,0
235,0,1,0,1,0,1,1,0,0,0,0,6,66,4,0
236,1,1,1,0,0,1,1,1,0,1,0,10,27,1,1
237,0,0,0,1,0,1,0,0,1,0,1,9,70,2,1
238,0,1,0,1,1,0,1,1,1,0,0,4,51,3,1
239,1,1,0,1,0,1,1,1,0,0,0,8,60,5,0
240,0,0,0,1,0,1,0,0,1,0,1,7,49,5,0
241,0,1,0,1,1,1,1,0,0,0,1,9,54,2,0
242,0,0,0,1,1,1,0,0,1,0,1,9,58,2,0
243,0,0,0,0,0,1,1,0,0,0,0,6,70,3,0
244,1,1,0,0,0,1,0,1,1,0,0,2,59,1,1
245,0,1,0,1,0,1,1,0,0,1,0,0,54,5,0
246,0,1,1,0,1,1,0,0,1,0,0,6,52,0,0
247,1,1,0,1,1,1,1,1,0,1,0,3,22,4,0
248,1,1,0,1,1,1,0,1,1,0,0,2,53,0,0
249,1,1,0,0,0,1,1,1,0,1,0,10,69,1,0
250,0,1,1,1,1,1,0,0,1,0,1,0,20,0,1
251,1,1,1,1,0,1,1,0,0,0,0,2,66,3,0
252,1,1,0,1,0,1,1,1,0,0,0,10,25,1,0
253,1,1,0,1,1,1,0,1,1,0,0,10,31,4,0
254,1,1,0,1,0,1,1,1,0,1,0,0,67,3,0
255,1,1,1,1,0,1,1,1,0,0,0,2,56,3,0
256,0,1,0,1,1,1,1,1,0,0,0,0,48,5,0
257,0,1,0,1,0,1,1,0,0,0,0,4,54,0,0
258,1,1,0,0,0,1,1,1,0,1,0,10,58,3,1
259,1,1,0,1,0,1,1,1,0,0,0,2,42,4,0
260,1,1,0,1,0,1,0,1,0,0,0,3,38,4,0
261,0,1,0,1,1,1,1,1,0,1,0,1,28,0,1
262,1,1,0,1,0,1,0,1,1,0,0,2,47,4,0
263,0,0,0,1,1,1,1,0,0,0,0,8,49,5,1
264,0,1,0,1,1,1,1,1,0,0,1,8,40,0,0
265,0,0,0,1,1,1,0,1,1,1,1,8,31,4,1
266,0,1,1,1,1,1,1,0,0,0,0,9,50,2,1
267,1,0,1,1,0,1,1,1,0,0,0,4,69,5,0
268,1,1,0,1,0,1,1,1,0,1,0,3,40,3,0
269,1,1,0,1,1,1,1,1,0,0,1,10,30,3,1
270,0,1,0,1,1,1,1,1,0,0,1,6,44,5,1
271,1,1,0,1,1,1,0,1,1,0,0,2,32,3,1
272,1,1,0,1,0,1,1,1,0,0,0,2,67,4,1
273,1,1,0,1,1,1,1,1,0,0,0,10,18,4,0
274,0,1,0,1,1,1,1,0,0,0,0,6,27,5,0
275,0,1,0,1,1,1,0,0,1,0,0,4,61,5,0
276,0,1,0,1,0,1,1,0,0,0,0,7,47,5,1
277,1,1,0,1,1,1,1,1,0,0,0,7,20,0,1
278,1,1,0,1,1,1,1,1,0,0,0,3,26,4,1
279,0,1,0,1,0,1,1,0,0,0,0,7,65,5,0
280,0,0,1,1,1,0,0,0,1,0,1,9,64,2,1
281,1,1,0,1,1,1,1,1,0,1,0,10,20,4,1
282,1,1,0,1,1,0,0,1,1,0,0,1,29,3,0
283,1,1,1,1,1,1,0,1,1,0,0,1,45,3,0
284,1,0,0,1,0,1,1,1,0,0,0,8,31,5,0
285,1,1,0,1,1,1,1,1,0,0,0,10,41,4,0
286,0,0,0,1,0,1,0,0,1,0,0,9,61,2,0
287,0,0,0,1,1,1,0,0,1,0,1,9,69,2,0
288,0,1,0,1,1,1,1,0,0,0,1,0,28,3,1
289,0,1,0,0,0,1,0,0,0,0,0,2,68,3,1
290,0,0,0,1,0,1,1,0,0,0,0,7,60,2,1
291,1,1,0,1,1,1,0,1,0,0,0,8,56,5,0
292,0,1,0,1,0,1,0,0,1,0,0,8,61,5,0
293,0,1,1,1,1,1,0,1,1,0,0,8,61,4,1
294,0,1,0,1,0,1,1,0,0,0,0,7,63,5,1
295,0,1,0,1,0,1,1,1,0,0,0,2,40,3,0
296,0,1,0,1,1,1,1,1,0,1,0,4,36,0,1
297,1,1,0,1,1,1,1,0,0,0,0,0,30,3,0
298,1,1,0,1,0,1,0,1,1,0,0,3,32,3,0
299,1,1,0,0,0,1,0,1,1,1,0,10,37,1,1
300,1,1,0,1,0,0,1,1,0,1,0,2,61,4,1
301,1,1,0,1,1,1,0,1,1,0,0,2,34,3,0
302,1,1,0,1,1,1,0,1,1,0,0,0,24,3,1
303,1,1,0,1,1,0,0,1,1,0,0,0,39,3,1
304,0,1,0,1,0,1,0,1,1,0,0,8,50,0,1
305,1,1,0,1,0,1,0,1,1,1,0,0,46,3,1
306,1,1,0,1,0,1,0,0,1,0,0,1,43,3,0
307,1,1,0,1,0,1,1,1,0,0,0,3,36,3,1
308,1,0,0,0,1,0,0,1,1,0,1,9,26,4,1
309,1,1,0,1,0,1,1,1,0,1,0,1,32,3,0
310,0,0,0,1,1,0,0,0,1,0,1,9,50,2,0
311,0,1,0,1,1,1,1,0,0,0,0,5,56,5,0
312,1,1,0,1,0,1,1,1,0,0,0,2,57,0,0
313,1,1,0,1,1,1,1,1,0,0,0,4,25,5,1
314,0,1,0,1,1,1,1,1,0,0,0,4,47,3,0
315,1,1,0,1,0,1,0,1,1,0,0,8,32,5,1
316,1,1,0,1,0,1,1,1,0,1,0,2,32,4,0
317,0,1,0,1,1,1,1,1,0,1,0,8,57,0,0
318,1,1,0,1,1,1,1,1,0,0,0,10,42,4,1
319,0,1,0,1,0,1,1,0,0,0,0,1,31,4,1
320,0,0,0,1,1,1,0,0,1,0,1,6,37,5,0
321,1,1,0,0,0,1,1,1,1,1,0,2,33,0,0
322,1,1,0,1,0,1,0,1,0,0,0,4,46,0,0
323,1,1,0,1,0,1,0,1,1,0,0,1,41,0,0
324,0,1,0,0,0,1,1,0,0,1,0,4,60,0,1
325,1,1,0,1,0,1,1,1,0,1,0,1,42,3,1
326,0,1,0,1,0,1,1,1,0,0,0,0,45,3,0
327,1,1,0,1,1,1,0,0,0,0,0,8,36,0,1
328,1,1,0,1,0,0,0,1,1,1,0,1,44,3,1
329,1,1,1,0,1,0,0,1,1,0,0,0,34,3,1
330,1,0,0,1,1,1,1,1,0,0,0,1,22,0,1
331,0,1,0,1,1,1,1,0,0,0,1,7,64,0,1
332,1,1,0,0,0,1,1,1,0,1,0,10,36,3,1
333,1,1,0,1,1,1,1,1,0,0,0,10,23,3,1
334,0,1,0,1,0,1,1,1,0,0,0,7,69,0,0
335,0,1,0,1,1,1,1,0,0,0,0,9,64,2,0
336,1,1,0,1,0,1,1,1,0,0,0,3,53,0,1
337,0,1,0,1,1,0,0,0,0,0,1,7,40,2,0
338,0,1,0,1,0,1,1,0,0,0,1,7,56,0,0
339,0,1,0,1,1,0,0,1,0,0,0,1,48,4,0
340,1,0,0,1,0,1,1,1,0,1,0,10,62,3,0
341,1,1,0,0,0,1,1,1,0,1,0,1,65,0,0
342,1,1,0,0,0,1,0,1,1,0,0,3,34,3,1
343,0,1,0,1,1,1,0,0,0,0,1,9,27,2,0
344,1,1,0,1,0,1,1,1,0,0,0,1,25,0,1
345,1,1,0,1,1,1,1,1,0,0,1,4,55,5,0
346,1,1,0,1,0,1,1,1,0,0,0,10,38,4,0
347,1,1,0,1,0,1,0,1,1,1,0,0,52,3,0
348,1,1,0,1,0,0,0,1,1,0,0,2,36,3,1
349,1,1,0,1,1,1,1,1,0,0,0,4,36,3,1
350,1,1,0,1,0,1,0,1,1,0,0,8,52,3,0
351,1,1,0,1,1,1,1,1,1,0,0,10,49,4,0
352,0,1,0,1,0,1,0,1,0,0,0,1,58,3,0
353,1,1,1,0,0,1,1,1,0,1,0,2,67,3,0
354,0,1,0,1,1,1,1,1,0,0,1,0,56,0,0
355,1,1,0,1,1,0,0,1,1,0,0,1,43,4,0
356,1,1,0,1,0,1,1,1,0,0,0,0,43,4,0
357,1,1,0,1,1,1,0,1,1,0,1,0,23,0,0
358,1,1,0,1,1,1,1,1,1,0,0,0,29,4,1
359,0,1,0,1,1,0,0,0,1,0,1,7,32,5,1
360,0,1,0,1,1,1,1,0,0,0,0,0,35,4,0
361,1,1,0,0,1,1,0,1,1,0,1,1,46,4,1
362,0,1,0,0,0,1,1,1,0,1,0,2,55,3,0
363,1,1,0,1,0,1,1,1,0,0,0,3,45,4,0
364,1,1,0,1,0,0,0,1,1,0,0,1,39,0,1
365,0,1,0,0,0,1,0,1,1,1,1,6,52,5,1
366,1,1,0,1,0,1,0,1,1,0,0,2,53,3,0
367,1,1,1,1,1,1,0,1,0,0,0,2,44,3,1
368,0,1,0,1,1,1,1,1,0,0,0,0,55,5,0
369,1,1,0,1,0,1,1,1,0,1,0,10,21,1,0
370,0,1,0,0,0,1,1,1,0,0,0,0,48,3,1
371,1,1,1,1,1,0,0,1,1,0,0,2,57,3,0
372,1,1,0,1,1,1,0,1,1,0,0,2,26,4,1
373,1,1,0,0,0,1,1,1,0,0,0,1,52,3,0
374,1,1,0,1,1,1,0,1,1,0,0,3,28,4,1
375,0,1,0,0,0,1,0,1,0,0,0,1,58,3,1
376,1,1,0,0,0,0,1,1,0,1,0,10,34,3,1
377,1,1,0,1,0,1,1,0,0,0,0,7,39,0,1
378,1,1,1,1,1,1,0,1,1,0,0,2,20,3,1
379,0,1,0,1,0,1,0,0,0,0,1,8,61,5,0
380,1,1,0,1,0,0,0,0,1,0,0,3,35,4,1
381,0,1,0,1,1,1,0,0,1,0,1,9,27,2,1
382,1,1,0,1,1,1,1,1,0,0,0,2,50,3,0
383,1,1,0,1,1,1,1,1,0,0,0,2,58,3,0
384,0,1,0,1,1,1,1,0,0,0,1,4,29,3,0
385,1,1,0,1,1,1,0,1,1,0,0,2,23,4,1
386,1,1,0,0,0,1,0,1,0,0,0,1,47,0,1
387,1,1,0,1,1,1,1,1,0,0,0,1,58,0,0
388,0,1,0,1,0,1,0,0,1,0,0,8,49,3,0
389,1,1,0,1,0,1,0,0,0,0,0,0,27,3,0
390,1,1,0,1,1,1,1,1,0,0,0,10,20,1,0
391,1,1,0,1,1,0,0,1,1,0,1,8,43,0,1
392,0,1,0,1,0,1,0,0,1,0,1,8,62,0,0
393,0,0,0,1,0,1,1,0,0,0,1,9,55,5,0
394,0,0,0,1,1,1,1,1,0,0,0,6,62,5,0
395,0,1,0,1,1,1,1,0,0,0,1,6,56,5,0
396,0,1,0,1,0,1,1,0,0,0,0,7,60,2,1
397,1,1,0,1,0,1,1,1,0,0,0,0,42,3,0
398,1,1,0,1,1,1,1,1,0,0,0,3,26,4,0
399,0,1,0,1,0,1,1,0,0,0,0,4,55,5,0
400,1,1,0,1,0,1,0,1,0,0,0,3,42,4,1
401,0,1,0,0,0,1,1,1,0,1,0,2,67,5,0
402,1,1,0,1,0,1,0,1,1,0,0,2,43,4,1
403,0,1,0,1,1,1,1,0,0,0,0,8,42,3,0
404,1,1,0,0,0,1,1,1,0,1,0,10,50,4,0
405,0,1,0,1,1,1,1,0,0,0,1,7,20,5,0
406,0,0,0,1,0,1,0,0,1,0,1,9,50,2,1
407,1,1,1,1,1,1,0,1,1,0,0,0,60,5,1
408,1,1,0,1,1,1,1,1,0,0,0,4,21,2,1
409,1,1,0,1,0,1,0,1,1,0,0,3,33,3,1
410,1,1,0,1,0,1,1,0,0,0,0,8,68,0,0
411,1,1,0,1,1,1,1,1,0,0,0,2,26,3,1
412,1,1,0,1,0,1,1,1,0,0,0,0,60,3,0
413,1,1,0,1,1,1,0,1,1,0,0,2,52,0,0
414,1,1,1,0,0,1,1,1,0,1,0,3,70,0,0
415,0,0,0,1,1,1,1,0,1,0,1,9,44,5,0
416,1,1,0,1,1,1,0,1,1,0,0,1,23,0,0
417,0,1,1,1,0,1,0,0,0,0,0,4,62,0,0
418,0,1,1,1,0,1,1,1,0,0,0,1,59,4,0
419,1,1,0,0,0,1,1,1,0,1,0,10,66,4,0
420,0,1,0,1,0,1,0,0,1,1,0,0,44,3,1
421,1,1,0,1,1,1,0,1,1,0,0,2,25,3,1
422,1,1,0,1,0,0,0,1,1,1,0,2,41,3,1
423,1,1,0,0,0,1,1,1,0,0,0,3,41,1,1
424,1,1,0,0,0,1,1,1,0,1,0,2,33,4,1
425,0,1,0,1,1,1,0,0,1,0,1,0,45,3,0
426,1,1,0,1,0,1,1,1,0,1,0,10,23,1,0
427,0,0,0,1,1,1,0,0,1,0,1,7,52,5,0
428,0,1,0,1,0,1,1,0,0,0,0,1,63,3,0
429,1,1,1,1,1,1,1,1,1,1,1,3,48,3,0
430,0,1,0,1,1,1,0,1,1,0,1,9,52,2,1
431,0,0,0,1,1,1,1,0,1,0,1,9,50,2,1
432,1,1,0,1,1,1,1,1,0,1,1,1,28,3,1
433,1,1,0,1,1,1,0,1,1,0,1,0,24,3,1
434,0,1,0,1,0,0,0,0,1,0,0,8,45,4,0
435,1,1,0,1,1,0,0,0,1,0,0,1,26,0,0
436,1,1,0,1,1,1,0,1,0,0,1,0,19,0,1
437,0,1,0,1,0,1,0,1,1,0,0,1,45,0,1
438,0,1,0,0,0,1,0,0,1,1,0,0,44,0,1
439,1,1,0,1,1,1,0,1,0,0,0,1,47,3,1
440,0,1,0,1,0,1,1,1,0,0,0,2,28,3,1
441,0,1,0,1,0,1,1,0,0,0,0,1,62,0,0
442,1,1,1,0,1,1,1,1,0,0,0,4,33,4,1
443,1,1,0,0,0,0,1,1,0,1,0,2,67,0,0
444,1,1,0,0,0,1,1,1,0,1,0,0,67,5,0
445,1,1,1,1,1,1,1,1,1,0,1,1,49,3,1
446,1,1,0,1,1,1,1,1,0,0,0,3,33,4,0
447,1,1,0,0,0,1,1,1,0,1,0,10,51,1,0
448,1,1,0,0,0,1,1,1,0,1,0,2,52,4,0
449,1,1,1,1,1,1,1,1,1,1,0,10,30,1,1
450,1,1,0,1,0,1,0,1,1,0,0,1,60,3,0
451,0,1,0,1,0,1,0,0,1,0,0,6,47,0,0
452,0,1,0,0,0,1,0,1,1,0,0,1,44,3,1
453,1,1,0,1,0,1,0,1,1,0,0,1,43,0,0
454,0,1,0,1,1,1,1,0,0,0,0,5,46,3,1
455,0,1,0,1,0,1,0,1,0,0,0,0,40,3,0
456,0,1,0,1,1,1,0,0,0,0,0,8,48,5,0
457,0,1,0,1,1,1,0,0,1,0,1,8,53,3,0
458,1,1,0,1,0,1,0,1,1,0,0,3,35,0,1
459,0,1,0,1,0,1,1,0,0,1,0,7,51,0,1
460,1,1,0,1,1,1,1,0,1,0,0,1,26,3,1
461,0,1,0,1,1,1,0,0,1,0,0,5,46,0,0
462,1,1,0,1,1,1,1,1,0,0,0,1,39,3,0
463,1,1,0,1,0,1,1,1,0,0,0,8,38,5,1
464,1,1,0,1,0,1,1,1,0,0,0,3,40,3,0
465,1,1,0,1,0,1,1,1,0,0,0,10,36,3,0
466,0,1,0,1,0,1,1,0,0,0,0,8,56,2,0
467,1,1,0,1,1,1,1,1,0,0,0,10,23,3,0
468,1,1,0,1,0,1,1,1,0,0,0,10,39,3,0
469,0,1,0,1,1,1,1,0,0,0,1,5,22,0,0
470,1,1,0,0,0,1,1,1,0,0,0,2,27,3,1
471,1,1,0,1,1,1,1,1,0,0,0,8,23,0,0
472,1,1,0,1,1,1,1,1,0,0,0,1,21,0,0
473,1,1,1,1,1,1,1,1,1,1,1,2,33,0,1
474,0,0,0,1,1,1,1,0,0,0,1,9,24,2,0
475,1,1,0,1,1,1,1,1,0,1,0,10,22,1,0
476,0,0,0,1,1,1,1,0,0,0,1,9,54,0,0
477,0,1,1,1,1,0,0,0,1,0,1,6,56,0,0
478,1,1,0,1,1,1,1,1,0,0,0,3,20,3,1
479,1,1,1,0,0,0,0,1,1,1,0,3,41,3,0
480,0,1,1,0,0,1,0,1,1,0,0,3,70,3,1
481,1,1,0,1,1,1,1,1,0,1,0,3,54,3,0
482,1,1,0,1,1,1,0,1,1,1,0,2,23,3,1
483,1,1,0,0,0,1,1,1,0,1,0,1,61,3,0
484,0,1,0,1,0,1,0,1,1,0,0,0,52,4,0
485,1,1,0,1,0,1,1,1,0,1,0,2,61,4,0
486,0,1,1,1,0,1,1,0,0,0,1,5,66,0,0
487,1,1,0,1,1,1,0,1,1,0,0,0,40,3,0
488,1,1,1,1,1,1,1,1,1,1,1,10,26,2,1
489,0,1,0,0,1,1,0,0,1,1,0,1,32,3,1
490,1,1,0,1,1,1,1,1,0,0,0,5,60,0,1
491,1,1,0,1,0,1,1,1,0,0,0,2,38,3,1
492,1,1,0,1,1,1,0,1,1,0,0,2,29,0,1
493,0,0,0,1,1,1,0,0,1,0,0,9,69,2,1
494,0,1,0,1,1,1,1,0,0,0,0,1,64,5,1
495,0,1,0,1,1,1,0,0,0,0,1,9,40,2,1
496,1,1,0,1,1,1,0,1,1,0,0,0,42,3,1
497,1,1,0,1,0,1,1,1,0,0,0,9,64,3,0
498,1,1,0,1,1,1,0,1,1,1,0,10,22,4,1
499,1,1,0,1,1,1,1,1,0,0,0,1,57,0,0
500,1,1,0,1,1,1,0,1,1,0,0,1,28,0,0
501,1,1,0,1,0,1,1,1,0,1,0,10,41,3,0
502,1,1,1,1,1,1,0,1,1,0,0,8,56,1,1
503,1,1,0,0,0,1,1,1,0,1,0,2,50,3,0
504,0,1,0,1,1,1,1,0,1,0,1,9,68,2,1
505,0,1,0,1,0,1,0,1,1,0,1,9,62,5,1
506,1,1,0,1,1,1,1,1,0,0,0,3,58,0,0
507,1,1,0,0,0,1,1,1,0,1,0,10,47,1,1
508,1,1,0,1,0,1,0,1,1,1,0,2,35,3,0
509,1,1,1,1,0,1,1,1,0,0,0,3,58,3,1
510,1,1,0,1,1,1,1,1,0,0,0,10,21,4,0
511,1,1,0,1,0,1,1,1,0,1,0,2,53,0,0
512,1,1,0,1,0,1,1,1,0,1,0,10,38,3,0
513,1,1,0,1,0,1,0,1,1,0,0,10,59,3,1
514,1,1,0,1,1,1,0,1,1,0,0,3,39,4,0
515,1,1,0,1,1,1,0,1,0,0,0,1,36,0,0
516,1,1,0,1,1,1,1,1,0,0,0,10,26,1,0
517,0,1,0,1,0,1,0,1,1,0,0,4,53,4,1
518,1,1,0,0,0,1,1,1,0,1,0,10,64,3,0
519,0,1,0,1,1,1,0,1,1,1,1,6,56,0,0
520,0,1,0,1,1,1,0,0,1,0,0,9,65,2,1
521,0,0,0,0,1,0,0,0,0,0,1,9,40,2,1
522,1,1,0,0,0,1,1,1,0,1,0,10,68,3,1
523,1,1,0,1,0,1,1,1,0,0,0,3,65,1,1
524,1,1,0,1,1,1,1,1,0,0,0,1,52,3,0
525,0,1,0,1,0,1,1,0,0,1,0,7,37,5,0
526,0,0,0,1,1,1,1,0,1,0,1,9,32,5,1
527,1,1,1,1,0,1,1,1,0,0,0,10,51,4,0
528,1,1,0,1,1,1,1,1,0,1,0,2,52,0,0
529,1,1,0,0,0,1,0,1,1,1,0,3,57,0,0
530,1,1,0,1,0,1,1,1,0,1,0,10,55,0,0
531,0,1,0,1,0,1,0,1,1,0,0,8,38,3,0
532,0,1,0,1,1,1,1,0,0,0,0,1,44,4,0
533,1,1,0,1,0,1,0,1,1,0,0,2,56,5,0
534,0,1,0,1,1,0,0,0,0,0,0,0,67,5,0
535,1,1,0,1,0,1,0,1,0,1,0,2,43,3,0
536,0,1,0,1,0,1,1,1,0,0,0,0,39,0,1
537,1,1,0,1,1,1,1,1,0,0,0,1,27,4,0
538,1,1,0,1,1,1,0,1,0,0,0,0,29,5,0
539,0,1,0,0,1,1,1,0,0,0,0,4,24,5,1
540,0,1,0,1,1,1,0,0,1,0,1,9,37,0,1
541,1,1,0,1,1,1,0,1,1,0,1,0,22,3,0
542,0,1,0,1,0,1,0,1,1,1,1,5,55,2,0
543,0,1,0,1,1,1,1,0,0,0,0,5,50,5,1
544,1,0,0,0,0,1,0,1,1,1,0,0,26,3,1
545,0,1,0,1,0,1,1,1,0,0,0,8,55,0,0
546,1,1,0,1,0,1,1,1,0,0,0,1,48,3,0
547,1,1,0,1,0,1,0,1,1,0,0,3,25,4,0
548,1,1,0,1,1,1,1,1,1,0,0,3,32,1,1
549,0,1,0,1,1,1,0,0,1,0,1,0,28,0,0
550,0,1,0,1,0,1,1,0,0,0,0,4,52,5,0
551,1,1,0,1,0,1,1,0,0,0,0,0,30,4,1
552,1,1,0,1,0,1,1,1,0,0,0,5,52,5,0
553,1,1,0,0,0,1,1,1,0,0,0,3,55,3,0
554,0,0,0,1,1,1,0,0,1,0,1,9,35,5,0
555,1,1,0,1,0,1,1,1,0,0,0,2,29,4,1
556,1,1,0,1,1,1,1,1,0,0,0,1,55,5,1
557,0,1,0,1,1,1,1,1,0,0,1,0,50,0,0
558,0,1,0,1,1,1,1,0,0,0,1,5,34,4,1
559,0,1,0,1,0,1,1,1,0,0,0,8,59,2,0
560,1,1,1,0,0,1,0,1,1,1,0,3,40,4,1
561,1,1,0,1,0,1,1,1,0,0,0,2,39,3,0
562,0,1,0,1,1,0,0,1,0,1,0,8,46,0,0
563,1,1,0,0,0,0,1,1,0,0,0,10,25,4,1
564,0,1,0,1,1,0,0,0,1,0,1,6,48,0,1
565,1,1,0,1,0,1,1,1,0,0,0,2,56,4,0
566,0,1,0,1,1,1,1,0,0,0,1,6,46,5,0
567,1,1,1,1,0,1,1,1,0,1,0,10,44,4,1
568,0,1,0,0,0,1,1,0,0,1,1,9,55,5,0
569,1,1,0,1,1,1,1,1,0,0,0,2,63,1,1
570,0,1,0,1,1,1,0,1,1,0,0,0,58,0,1
571,1,1,0,1,1,1,1,1,0,0,0,3,18,3,1
572,0,1,0,1,0,1,0,1,1,0,0,8,60,0,1
573,0,1,0,1,0,1,1,0,0,0,0,9,63,5,0
574,1,1,0,1,1,1,1,1,0,0,0,2,30,3,0
575,0,1,0,1,1,0,0,0,1,0,0,9,67,2,0
576,0,0,0,1,1,1,0,0,1,0,0,9,65,2,0
577,1,1,1,1,1,1,1,1,0,1,0,2,61,3,0
578,0,1,0,1,0,1,0,1,0,0,0,1,52,4,1
579,1,1,0,1,1,1,0,1,1,0,0,6,23,5,0
580,0,1,0,1,1,0,0,0,1,0,1,7,41,0,0
581,1,1,0,1,1,1,1,1,0,0,1,8,57,0,1
582,0,1,0,1,0,1,1,0,0,0,0,8,46,5,0
583,1,1,0,1,1,1,0,1,1,0,0,5,36,0,1
584,0,0,0,1,1,1,1,0,1,1,1,9,54,2,1
585,1,1,0,1,1,1,1,1,0,0,0,1,37,3,1
586,1,1,0,1,1,1,1,1,0,0,0,10,33,4,0
587,1,1,0,1,1,0,1,1,0,0,0,2,26,4,1
588,1,1,0,0,0,0,0,1,1,1,0,3,27,4,1
589,0,1,0,1,0,1,1,0,0,0,1,9,34,5,1
590,1,1,0,1,0,0,1,1,0,0,0,1,49,3,1
591,1,1,0,1,0,1,1,1,0,1,0,2,34,4,0
592,0,1,0,1,1,1,1,0,0,0,1,2,37,3,0
593,0,1,0,1,1,1,0,0,0,1,0,7,62,5,1
594,0,1,0,1,0,1,1,0,0,0,0,1,54,3,1
595,0,1,1,1,1,1,1,1,1,1,0,6,37,5,0
596,1,1,1,1,1,1,1,1,0,0,0,0,57,0,1
597,0,0,0,1,1,0,0,0,1,0,1,4,48,0,1
598,0,1,0,1,1,1,1,0,0,0,1,9,59,2,0
599,1,1,0,1,0,1,1,1,0,1,0,3,52,3,0
600,0,1,0,1,1,1,1,1,0,0,0,0,36,0,0
601,0,1,0,1,1,1,1,0,0,0,0,6,35,0,1
602,0,1,0,1,1,1,0,0,1,0,1,7,43,5,1
603,0,1,0,1,0,1,1,0,0,0,1,7,60,2,0
604,0,1,0,1,1,1,1,0,0,0,0,6,32,2,0
605,1,1,0,1,0,1,1,1,0,0,0,3,62,4,1
606,1,1,0,1,1,1,0,1,1,0,0,3,45,3,1
607,1,1,0,1,0,1,1,1,0,0,0,3,45,3,1
608,0,0,0,0,0,0,0,0,1,0,1,9,34,3,1
609,0,1,0,1,0,1,1,0,0,0,1,9,55,5,1
610,0,1,1,1,0,1,0,1,0,0,1,4,36,0,1
611,0,1,0,0,0,1,1,0,0,0,0,8,29,5,1
612,0,1,0,1,0,1,1,0,0,0,1,9,64,3,0
613,0,1,0,1,0,1,1,0,0,0,0,6,66,3,0
614,0,1,0,1,0,1,0,1,0,0,0,2,49,3,0
615,1,1,0,1,0,1,1,1,0,0,0,1,25,0,0
616,0,1,0,1,0,1,1,1,0,1,0,1,58,3,0
617,0,1,0,1,0,1,1,1,0,0,0,1,56,5,0
618,1,1,0,0,0,1,1,1,1,0,0,2,29,0,0
619,0,1,0,1,1,1,1,1,0,0,0,4,70,5,0
620,0,1,0,1,1,1,1,0,0,0,1,6,37,0,0
621,1,1,0,1,0,1,0,1,1,0,0,1,38,4,1
622,1,1,0,1,0,1,1,1,0,1,0,8,59,5,0
623,0,1,0,1,1,1,1,0,0,0,0,6,20,0,0
624,1,1,0,0,0,1,1,1,0,1,0,10,69,3,0
625,0,1,0,1,1,1,0,1,1,0,0,0,66,3,0
626,0,1,0,1,0,1,1,1,0,0,0,1,53,3,0
627,0,0,0,1,1,1,1,0,0,0,1,9,60,2,0
628,1,1,0,1,0,1,1,1,0,0,0,2,38,4,0
629,0,1,0,1,1,0,0,0,1,0,1,8,34,0,0
630,1,1,1,1,0,1,0,1,0,0,0,1,45,0,0
631,1,1,0,1,0,1,1,1,0,0,0,2,30,0,1
632,0,0,0,1,1,1,0,0,1,0,1,9,38,2,1
633,1,1,0,0,0,1,0,0,0,0,0,0,55,3,1
634,1,1,0,1,0,1,0,1,0,0,0,1,35,3,0
635,0,1,0,0,0,1,1,1,0,0,0,6,49,5,0
636,0,1,0,1,1,1,1,0,0,0,0,8,60,5,0
637,0,0,0,1,1,0,1,0,0,1,0,5,48,0,0
638,1,1,0,1,0,1,1,1,0,0,0,1,43,3,0
639,1,1,0,1,1,1,0,1,1,0,0,7,39,5,1
640,1,1,0,1,0,1,1,1,0,0,0,8,23,4,1
641,1,1,0,1,1,1,1,1,0,0,0,3,51,3,0
642,0,1,0,1,1,1,1,0,0,0,1,9,21,2,0
643,1,1,0,1,0,1,1,1,0,0,0,8,70,5,0
644,0,1,0,1,0,1,0,0,1,0,1,9,56,5,1
645,0,0,0,1,0,0,0,0,1,0,1,4,33,5,0
646,1,1,0,1,0,1,1,1,0,0,0,2,58,0,1
647,1,1,0,1,1,0,0,1,1,0,0,2,23,3,0
648,1,1,1,1,0,1,1,1,0,0,0,8,63,0,0
649,1,1,0,1,0,1,0,1,1,0,0,1,33,3,0
650,0,1,0,0,0,0,0,1,1,1,0,0,51,5,0
651,1,1,0,1,0,1,0,1,1,0,0,10,27,3,1
652,1,1,0,0,0,1,1,1,0,1,0,1,51,3,1
653,0,0,0,0,0,0,0,0,0,0,0,6,69,2,1
654,1,1,0,0,0,1,1,1,0,0,0,1,59,0,0
655,1,1,0,1,0,1,1,1,0,0,0,2,40,3,1
656,1,1,0,1,1,1,1,1,0,0,0,10,20,3,0
657,0,1,0,1,1,1,1,0,0,0,1,9,28,2,1
658,1,1,0,1,1,0,0,1,1,0,0,0,31,3,1
659,1,1,0,1,1,1,0,1,1,0,0,1,32,0,0
660,1,1,0,1,0,1,0,1,0,0,0,2,34,4,0
661,0,1,0,1,1,1,1,0,1,0,1,6,62,4,1
662,1,1,0,1,1,1,1,1,0,1,0,8,33,0,0
663,0,1,0,1,0,1,0,1,1,0,1,4,51,3,0
664,1,1,0,1,1,1,1,1,0,0,0,3,36,0,1
665,1,1,0,1,0,1,0,1,0,0,0,3,22,3,0
666,0,0,0,0,0,0,0,0,1,0,1,9,51,2,0
667,0,1,0,1,1,1,0,1,1,0,1,9,42,2,1
668,1,1,0,0,1,1,1,1,0,1,0,1,24,3,1
669,1,1,0,1,1,1,0,1,1,0,0,2,18,3,1
670,0,1,0,1,1,1,1,0,0,0,1,9,26,5,0
671,0,1,1,1,1,1,1,0,0,1,0,8,57,2,1
672,1,1,0,1,0,1,1,1,0,1,0,0,59,4,1
673,1,1,0,1,1,1,0,1,1,0,0,8,38,0,0
674,1,1,0,1,1,1,1,1,0,0,0,10,26,1,0
675,1,1,0,1,0,1,1,1,0,1,0,1,31,3,1
676,1,1,0,1,1,1,1,0,0,0,0,1,27,5,0
677,0,1,1,1,1,1,0,1,1,0,0,6,55,2,1
678,1,1,0,0,0,1,1,1,0,1,0,3,47,1,1
679,0,0,0,1,1,0,0,0,1,0,1,7,52,2,1
680,1,1,0,1,0,1,1,1,0,1,0,10,58,4,1
681,1,1,0,1,1,1,1,1,0,0,0,1,30,0,0
682,1,1,0,1,1,1,0,1,1,0,0,4,38,0,0
683,1,1,0,1,0,1,1,1,0,0,0,3,49,4,0
684,1,1,0,1,0,1,0,0,0,0,0,2,37,3,1
685,1,1,0,1,1,1,0,0,1,0,0,2,39,3,1
686,1,1,0,1,0,1,1,1,0,0,0,3,60,4,1
687,1,1,0,1,0,0,1,1,0,0,0,2,50,4,1
688,1,1,0,1,0,1,1,1,0,0,0,3,25,4,1
689,0,1,0,1,1,1,1,0,0,0,1,7,64,2,1
690,0,0,0,1,0,0,0,0,1,0,1,6,62,5,1
691,0,1,0,1,1,1,1,0,0,0,1,5,37,5,1
692,1,1,0,0,0,1,0,0,1,1,0,1,68,0,1
693,1,1,0,1,1,1,1,1,0,0,0,1,24,3,0
694,1,1,1,0,1,1,1,1,0,1,0,0,26,4,1
695,0,1,0,1,1,1,0,0,1,0,0,1,49,3,0
696,0,1,0,0,0,0,0,0,1,0,0,5,43,4,1
697,1,1,0,1,1,1,1,1,0,0,1,3,53,3,0
698,1,1,0,1,1,1,1,1,0,0,0,1,41,3,1
699,0,1,0,1,1,1,1,0,0,0,1,9,35,0,0
700,0,0,0,1,1,0,0,0,1,0,1,9,60,2,1
701,1,1,0,1,1,1,1,1,0,0,0,1,35,4,1
702,0,1,0,1,1,1,0,0,1,0,1,8,54,0,1
703,1,1,0,1,1,1,1,1,1,0,0,3,23,4,0
704,0,1,0,0,1,1,1,0,0,1,0,8,41,5,0
705,0,1,0,1,1,0,0,0,1,0,1,9,57,5,0
706,0,0,0,1,0,1,1,0,0,0,1,9,64,2,0
707,1,1,0,1,1,1,1,1,0,0,0,1,59,3,0
708,1,1,0,1,0,1,1,1,0,0,0,3,38,3,0
709,0,1,0,1,0,1,1,1,0,0,0,0,66,0,1
710,1,1,0,1,0,1,1,1,0,0,0,3,49,4,0
711,1,1,1,1,1,1,0,1,1,0,0,8,48,0,0
712,0,1,0,1,1,0,0,0,1,0,0,9,63,5,0
713,1,1,0,1,0,1,1,1,0,0,0,0,64,0,0
714,0,1,0,1,1,1,1,0,0,0,0,4,56,0,0
715,1,1,0,1,0,1,1,1,0,0,0,2,24,1,0
716,0,0,0,1,0,1,1,0,0,0,1,8,57,5,0
717,0,0,0,1,1,1,1,0,0,1,1,7,59,5,1
718,1,1,0,1,0,1,1,1,0,1,0,3,39,3,0
719,1,1,0,1,0,1,1,1,0,1,0,10,37,4,0
720,1,1,1,0,0,1,1,1,0,1,0,8,65,5,1
721,0,1,0,1,0,1,0,0,0,0,1,9,55,0,1
722,1,1,0,1,1,1,1,1,0,0,0,5,34,5,0
723,0,1,0,1,0,1,1,0,0,0,0,0,31,4,0
724,1,1,0,1,1,1,1,1,0,1,0,8,23,3,0
725,0,1,0,1,1,1,1,0,0,0,0,8,42,3,0
726,1,1,0,1,1,1,0,1,1,0,0,0,31,5,1
727,0,1,0,1,0,1,1,1,0,0,0,0,32,3,0
728,0,1,0,1,0,1,0,0,1,0,0,8,49,0,0
729,0,1,0,0,1,1,1,0,0,0,1,8,59,3,1
730,1,1,0,1,1,1,0,0,0,0,0,10,21,1,0
731,1,1,0,1,0,1,0,1,1,0,0,2,25,3,0
732,0,1,0,1,1,1,1,0,0,0,0,1,24,3,1
733,0,1,0,1,0,1,1,1,0,0,0,9,58,2,1
734,0,1,0,1,0,1,0,0,1,0,0,8,54,0,1
735,0,0,0,1,1,1,0,0,1,0,1,9,62,2,1
736,0,1,0,1,1,1,0,0,1,0,0,2,31,3,1
737,1,1,0,1,1,1,1,1,1,1,1,0,21,3,0
738,0,1,0,1,0,1,1,0,0,0,0,1,48,3,1
739,1,1,1,1,1,1,1,1,0,0,1,8,30,0,0
740,1,1,0,1,1,1,1,1,0,0,1,1,36,4,0
741,1,1,0,1,1,1,1,1,0,0,0,1,21,0,0
742,0,1,0,1,1,1,1,0,0,0,0,1,63,0,0
743,1,1,0,1,1,0,1,0,0,1,0,0,33,4,1
744,1,1,0,1,1,1,1,1,0,0,0,10,18,4,0
745,1,1,0,1,1,1,1,1,0,0,0,1,20,3,1
746,0,1,0,1,1,1,1,1,0,0,0,8,56,3,0
747,1,1,0,1,1,1,1,1,0,1,0,2,38,0,0
748,0,1,0,1,0,1,1,0,0,0,0,0,43,0,1
749,0,1,0,1,1,1,0,1,1,0,1,8,18,0,1
750,0,1,0,1,1,1,1,0,1,0,0,2,19,4,1
751,0,1,1,1,0,1,0,0,1,0,1,5,43,0,1
752,0,0,0,1,1,1,0,0,1,0,1,9,50,2,1
753,1,1,0,1,1,1,0,0,1,0,0,6,54,3,0
754,1,1,0,1,1,1,1,1,0,0,0,1,23,4,1
755,0,1,0,1,1,1,1,1,1,0,1,8,40,0,1
756,1,1,1,1,0,1,0,1,1,1,0,1,52,0,0
757,0,1,0,1,0,1,1,0,0,0,0,8,35,0,1
758,0,1,0,1,0,1,0,0,1,0,0,0,41,3,1
759,0,0,0,1,1,1,0,0,1,0,1,7,60,5,1
760,1,1,0,1,0,1,1,1,0,1,0,2,66,0,0
761,0,1,1,1,1,1,1,1,0,1,0,4,45,0,1
762,0,1,0,1,1,0,0,0,1,0,1,9,39,3,1
763,0,1,1,1,1,1,1,1,1,0,0,0,49,5,0
764,1,1,0,1,1,1,1,1,0,0,0,0,58,3,0
765,1,1,0,0,0,1,1,1,0,1,0,2,32,0,0
766,1,1,0,1,0,0,0,1,1,1,0,2,34,3,0
767,0,1,0,1,1,1,1,0,0,0,1,5,50,3,0
768,0,1,0,1,0,1,0,0,0,0,1,9,58,2,0
769,0,1,0,1,1,1,1,1,0,0,1,6,34,5,0
770,1,1,0,1,0,1,1,1,0,0,0,2,53,0,0
771,1,1,0,1,0,1,0,1,1,0,0,2,46,3,1
772,1,1,0,1,1,0,0,0,1,0,0,8,54,5,0
773,1,1,0,1,0,1,1,1,0,0,0,3,29,3,1
774,1,1,0,1,0,1,1,1,0,0,0,3,38,3,0
775,1,1,0,1,1,1,1,0,1,1,0,1,52,0,0
776,1,1,0,1,1,1,0,1,1,0,0,0,32,3,0
777,0,1,1,1,1,1,1,1,0,0,0,1,65,3,0
778,1,1,0,1,0,1,0,0,0,0,0,8,44,0,1
779,0,1,0,1,0,1,1,0,0,1,0,4,42,3,1
780,1,1,0,1,0,1,0,1,1,0,0,3,37,3,0
781,1,1,0,1,0,0,0,1,1,0,0,8,24,1,1
782,0,1,1,1,1,1,0,1,0,0,1,8,69,2,0
783,0,1,1,1,1,1,1,1,0,0,1,8,39,3,1
784,1,0,0,0,0,1,0,1,0,1,0,3,55,3,1
785,1,1,0,1,1,1,0,1,1,0,0,1,47,0,0
786,1,1,0,1,0,1,0,1,1,1,0,10,46,3,0
787,1,1,0,1,0,1,0,1,1,0,0,8,63,0,0
788,0,0,0,1,1,1,1,0,0,0,1,7,64,2,0
789,1,1,0,1,1,1,0,0,1,0,1,2,34,0,0
790,0,1,0,1,1,1,0,0,1,0,1,5,30,4,1
791,1,1,0,1,1,1,1,1,0,0,0,1,37,5,0
792,1,1,0,1,0,1,0,1,1,1,0,3,48,3,1
793,1,1,0,1,1,1,1,1,0,1,0,2,32,3,0
794,0,1,0,1,1,1,0,1,0,0,0,4,24,5,0
795,1,1,1,0,0,1,1,1,0,1,0,3,65,0,1
796,0,1,0,1,1,1,1,0,0,0,0,6,64,0,1
797,0,1,0,0,0,1,0,0,0,0,0,8,64,0,1
798,1,1,0,1,0,1,1,1,0,1,0,1,50,3,1
799,1,1,0,1,0,1,0,1,1,0,0,1,55,3,1
800,0,1,1,1,1,1,1,0,0,0,0,5,70,5,1
801,0,0,0,1,1,0,1,0,0,0,1,5,35,2,0
802,0,0,0,0,0,0,0,0,0,0,0,9,24,2,1
803,0,1,0,1,1,1,0,0,1,0,1,9,18,5,1
804,1,1,0,1,1,1,1,1,0,0,0,3,30,3,0
805,0,1,0,1,1,1,0,0,0,0,1,6,59,5,1
806,1,1,0,1,0,1,0,1,1,0,0,2,64,3,1
807,0,1,1,1,1,1,1,1,0,0,0,6,62,5,1
808,0,1,0,1,0,0,0,0,1,0,0,6,63,5,0
809,1,1,0,1,1,0,0,1,0,0,0,2,36,4,1
810,0,1,0,1,1,0,0,0,1,0,0,8,32,0,1
811,1,0,0,0,1,1,0,1,1,0,0,10,61,4,0
812,1,1,0,1,0,1,0,1,1,0,0,3,42,4,0
813,1,1,0,1,0,1,1,1,0,0,0,10,43,3,0
814,0,1,0,1,0,0,0,0,0,0,0,8,44,5,0
815,0,0,0,1,1,1,0,1,1,0,0,1,19,4,1
816,0,1,0,1,1,1,0,1,1,0,0,0,53,0,0
817,1,1,0,1,0,1,1,1,0,0,0,1,32,0,1
818,0,1,0,1,1,1,0,0,1,0,0,8,52,3,0
819,0,1,0,1,0,1,1,0,0,0,1,6,60,2,1
820,0,1,0,1,1,1,0,0,1,0,0,4,53,0,0
821,0,1,0,1,1,1,1,0,0,0,1,9,33,5,0
822,1,0,1,0,0,0,0,0,1,1,0,10,40,3,0
823,1,1,0,1,0,1,0,1,1,0,0,5,63,5,1
824,1,1,1,0,0,1,1,1,0,1,0,2,47,4,1
825,1,1,0,1,0,1,0,1,0,0,0,2,25,3,0
826,0,1,0,1,0,1,1,0,0,0,0,6,38,0,1
827,1,1,0,1,1,1,1,1,0,0,0,10,28,4,0
828,0,1,0,1,1,1,0,0,1,1,0,8,57,5,1
829,1,1,0,1,0,1,1,1,0,1,0,3,56,4,0
830,1,1,0,1,1,1,0,1,1,0,0,2,35,0,1
831,0,0,0,1,1,1,0,0,1,0,1,6,62,5,1
832,1,1,0,1,0,1,0,1,1,0,0,0,37,0,0
833,0,1,0,1,1,1,1,0,0,1,0,0,63,4,1
834,0,1,1,0,0,1,0,0,1,1,0,0,57,5,1
835,0,1,0,1,1,1,1,0,0,0,0,4,53,5,0
836,0,1,0,1,1,1,1,0,0,0,1,1,49,4,0
837,0,1,1,1,1,1,1,1,0,0,0,0,56,2,1
838,0,1,1,1,0,1,1,1,0,0,0,0,50,3,1
839,1,1,0,1,0,1,1,1,0,0,0,3,59,5,0
840,1,1,0,1,0,1,1,1,0,1,0,10,32,3,0
841,1,1,0,1,0,1,0,1,0,0,0,3,44,3,0
842,0,1,0,1,1,1,0,0,1,0,0,0,34,3,0
843,0,1,0,1,0,1,1,0,0,0,1,8,51,5,0
844,1,1,0,1,1,1,1,1,0,0,0,0,33,3,1
845,1,1,0,1,1,1,1,1,0,1,0,1,36,3,0
846,1,1,0,1,1,1,0,1,1,1,0,2,24,1,0
847,1,1,0,1,0,1,1,1,0,0,0,2,42,3,0
848,0,1,0,1,1,1,0,0,1,0,1,9,45,2,1
849,0,1,0,1,1,1,0,0,1,0,1,8,48,0,0
850,1,1,0,1,0,1,1,1,0,0,0,10,34,1,0
851,1,1,0,1,0,1,1,1,0,0,0,10,28,4,0
852,0,0,0,0,0,0,0,0,0,0,0,8,55,5,0
853,1,1,0,1,1,1,1,1,0,1,0,1,29,0,0
854,1,1,0,0,0,1,1,1,0,1,0,10,40,3,0
855,1,1,0,1,1,1,0,1,1,0,0,8,44,0,1
856,0,1,1,1,1,1,0,0,1,0,1,9,49,5,1
857,1,1,0,1,0,1,1,1,0,0,0,2,29,3,1
858,1,1,0,1,1,1,1,1,0,0,0,3,40,4,1
859,0,0,0,1,0,1,1,0,1,0,0,2,30,1,1
860,1,1,0,1,0,1,1,1,0,0,0,1,34,3,1
861,1,1,1,1,1,1,1,1,0,0,0,0,60,0,1
862,0,1,0,1,0,1,1,1,0,0,0,1,66,3,1
863,1,1,0,0,0,1,0,1,1,1,0,2,51,0,1
864,0,0,0,1,1,1,1,0,0,0,1,9,44,5,1
865,1,1,0,0,0,1,1,1,0,1,0,2,64,5,1
866,1,1,0,0,0,1,1,0,1,1,0,2,37,0,0
867,0,0,0,1,1,0,0,0,1,0,1,9,51,2,1
868,1,1,0,1,0,1,1,1,0,0,0,3,30,4,1
869,0,1,1,1,1,1,1,0,0,1,1,7,53,5,1
870,0,0,0,1,1,0,1,1,0,0,0,0,48,3,1
871,0,1,0,1,1,1,0,0,1,0,0,5,67,5,0
872,0,1,0,1,1,1,0,0,1,0,1,9,39,2,1
873,1,1,0,1,0,1,1,1,0,1,0,2,67,0,0
874,0,1,0,1,1,1,0,0,0,0,1,6,61,2,1
875,0,1,0,1,0,0,0,1,1,0,0,1,57,0,1
876,0,1,0,1,0,0,1,0,0,0,1,9,64,5,1
877,0,1,0,1,1,1,1,1,0,0,1,7,64,5,0
878,1,1,0,1,1,1,1,1,1,1,0,3,34,4,0
879,1,1,1,1,1,1,1,1,1,1,0,3,45,4,1
880,1,1,0,1,0,1,1,1,0,0,0,2,34,3,1
881,0,1,0,1,1,1,1,0,0,0,1,9,67,5,1
882,0,0,0,1,0,1,0,0,0,0,1,9,38,2,0
883,1,1,0,1,1,1,1,1,1,0,0,1,22,4,1
884,1,1,1,0,0,1,1,1,0,0,0,10,57,4,0
885,1,1,0,0,0,1,1,1,0,0,0,1,65,0,0
886,0,1,0,1,1,1,0,0,0,0,0,5,63,5,1
887,0,1,0,1,1,1,0,0,1,0,1,8,49,5,1
888,0,1,0,1,1,1,1,0,0,0,1,5,36,5,1
889,0,0,1,1,1,0,0,0,0,1,1,4,60,2,0
890,0,1,0,1,1,1,0,0,1,0,1,6,62,5,0
891,1,1,0,1,0,1,1,1,1,0,0,10,55,4,1
892,1,1,0,1,0,1,0,1,0,0,0,2,41,3,0
893,0,1,0,1,1,1,0,0,1,0,1,5,46,1,1
894,1,1,0,1,0,1,1,1,0,0,0,2,51,3,0
895,1,1,0,0,0,1,0,1,0,1,0,10,61,0,0
896,1,1,0,1,0,1,0,1,1,1,0,2,38,4,0
897,0,1,0,1,1,1,0,0,1,0,1,7,59,2,0
898,1,1,0,0,0,1,0,1,0,1,0,3,36,3,1
899,0,1,0,1,1,1,1,0,0,0,0,8,62,2,0
900,0,1,1,1,1,1,0,1,1,0,0,8,58,3,1
901,1,1,0,1,1,1,1,1,0,0,0,3,23,4,0
902,0,1,0,1,0,1,0,0,1,0,1,9,50,0,0
903,1,1,0,1,0,1,0,1,1,0,0,3,25,3,0
904,0,1,0,1,0,1,1,1,0,0,0,0,55,3,1
905,0,1,0,1,1,1,1,0,1,0,1,9,48,5,1
906,0,0,0,1,0,1,0,0,0,0,1,9,62,2,0
907,1,1,0,1,0,1,1,1,0,0,0,1,61,0,0
908,1,1,0,1,1,1,0,1,1,0,0,3,32,1,0
909,0,1,0,0,0,1,1,0,0,1,0,8,49,0,1
910,1,1,1,1,1,1,1,1,1,1,1,2,20,3,1
911,0,1,0,1,1,1,0,0,1,0,1,0,43,0,0
912,0,0,0,0,0,1,1,0,0,0,0,9,63,2,0
913,1,1,0,0,0,1,1,1,0,1,0,3,60,3,0
914,0,1,0,1,0,1,1,0,0,0,0,0,68,5,0
915,1,1,0,1,0,1,1,1,0,0,0,2,64,3,1
916,0,1,0,1,1,1,1,0,0,0,1,9,57,5,1
917,1,1,0,0,0,1,1,1,0,0,0,3,71,3,1
918,1,1,0,1,1,1,1,1,0,0,1,2,30,0,0
919,1,1,0,0,0,1,1,1,0,1,0,10,61,1,1
920,1,0,0,0,0,1,1,1,0,0,0,0,55,3,0
921,1,1,0,0,0,1,0,0,1,0,0,6,53,3,1
922,1,1,0,1,0,1,0,1,1,0,0,3,45,0,1
923,1,1,0,1,0,1,1,1,0,0,0,2,41,3,1
924,1,1,0,1,1,1,0,1,1,1,0,2,30,0,1
925,0,1,0,1,0,1,1,0,0,0,0,1,42,4,0
926,1,1,0,0,0,1,1,1,0,0,0,2,22,4,0
927,1,1,0,1,0,1,1,1,0,0,0,2,46,0,0
928,1,1,0,1,0,1,0,1,0,0,0,10,43,3,1
929,1,1,0,0,0,1,1,1,0,1,0,10,33,3,0
930,1,1,0,1,1,1,1,1,0,0,0,5,19,2,0
931,1,1,0,1,1,1,0,1,1,0,0,3,24,3,1
932,0,1,0,1,1,1,1,0,1,0,1,7,58,5,1
933,0,1,0,1,0,1,0,0,1,0,0,8,59,0,1
934,1,1,0,1,0,1,1,1,0,0,0,2,31,3,0
935,0,1,0,1,1,1,0,0,1,0,0,1,37,3,0
936,0,1,1,1,1,1,1,1,0,0,0,1,56,3,1
937,0,1,0,1,1,1,1,1,0,0,0,5,52,0,1
938,0,0,0,1,1,1,1,0,0,0,1,9,36,2,1
939,1,1,0,1,1,1,1,1,0,1,0,3,25,3,0
940,1,1,0,1,1,1,0,1,0,0,1,8,20,5,1
941,1,0,0,1,1,1,0,1,1,0,0,3,21,3,0
942,1,1,0,1,1,1,0,0,1,0,0,5,59,4,0
943,0,1,0,1,0,1,1,0,0,0,0,7,51,5,0
944,0,1,0,1,0,1,1,1,0,0,0,1,50,3,0
945,0,1,0,1,0,1,1,0,0,0,0,8,63,0,1
946,1,1,0,1,0,1,1,1,0,0,0,0,25,0,0
947,0,1,0,1,0,1,1,1,0,0,0,0,51,3,1
948,0,1,0,1,1,1,1,1,0,0,0,4,36,5,0
949,1,1,0,1,1,1,0,1,1,0,0,2,31,3,0
950,0,1,0,1,0,1,1,0,0,0,0,0,26,3,1
951,0,0,0,0,0,0,0,0,0,0,1,9,30,5,1
952,1,1,0,1,0,1,1,1,0,0,0,1,37,3,0
953,1,1,0,1,1,1,0,0,0,0,1,4,30,0,1
954,1,1,0,1,1,1,1,1,0,1,0,3,30,3,0
955,0,1,1,0,0,1,0,1,1,0,0,3,55,0,0
956,0,1,0,1,1,1,1,0,0,0,0,0,19,3,0
957,1,1,0,0,0,1,1,1,0,1,0,10,23,1,0
958,0,1,0,1,1,1,1,0,0,0,1,7,26,0,0
959,0,1,0,1,0,1,1,0,0,0,0,4,59,5,0
960,1,1,0,0,0,1,0,1,1,1,0,3,23,4,1
961,1,1,0,1,1,1,0,1,0,0,0,3,30,3,1
962,1,1,0,1,1,1,1,1,0,0,0,2,18,0,0
963,0,1,0,0,1,1,1,1,0,0,1,8,51,5,1
964,0,0,0,1,1,1,0,0,1,0,1,1,35,5,1
965,1,1,0,1,1,1,0,1,1,0,1,2,43,4,0
966,0,1,0,1,1,1,0,1,0,0,0,8,56,5,0
967,0,1,0,1,0,1,0,0,1,0,0,1,53,4,1
968,0,1,0,1,1,1,1,0,0,0,0,6,47,0,0
969,1,1,0,1,1,1,0,1,0,0,0,1,65,0,1
970,0,1,0,1,0,1,0,0,0,0,0,8,51,2,1
971,1,1,0,1,0,1,0,1,1,0,0,1,33,3,0
972,1,1,0,1,1,1,0,1,1,0,0,8,61,2,1
973,1,1,0,1,0,1,1,1,0,0,0,8,33,3,0
974,1,1,0,1,1,1,1,1,0,1,0,8,25,3,1
975,0,1,0,1,1,1,1,1,1,0,1,9,36,2,1
976,1,1,0,1,0,1,1,1,0,1,0,10,47,3,1
977,1,1,1,1,0,1,1,1,0,1,0,1,59,3,0
978,1,1,0,1,1,1,0,0,1,0,1,7,37,5,0
979,1,1,1,1,1,1,1,1,0,0,0,8,22,3,1
980,0,1,0,1,1,1,1,0,0,0,1,6,48,0,1
981,1,1,0,1,0,1,1,1,0,0,1,1,70,5,1
982,0,0,0,1,1,1,1,0,1,0,1,9,51,2,1
983,0,1,0,1,0,1,1,0,0,0,0,2,23,3,0
984,1,1,1,1,1,1,1,1,1,1,0,10,28,0,0
985,1,1,0,1,1,1,0,1,1,0,1,3,39,4,1
986,0,1,0,0,0,1,0,1,0,1,0,3,62,0,0
987,1,1,0,1,0,1,0,1,1,0,0,10,25,4,0
988,1,1,0,1,1,1,0,0,1,0,0,1,27,0,0
989,0,1,0,0,0,1,0,0,0,0,0,5,59,0,0
990,0,1,1,1,1,1,1,0,0,0,0,6,65,0,1
991,0,0,0,0,0,0,0,1,1,0,0,7,54,0,0
992,1,1,0,1,0,1,1,1,0,1,0,2,64,0,1
993,1,1,0,0,0,1,0,1,0,0,0,1,49,3,0
994,1,1,0,1,1,1,1,1,1,0,0,10,22,1,0
995,1,1,0,1,1,1,1,1,0,0,0,2,35,3,1
996,1,1,0,1,1,1,0,1,1,0,0,3,41,1,0
997,1,1,0,1,0,1,1,1,1,1,1,0,32,0,1
998,1,1,0,1,1,1,0,1,0,0,0,10,24,4,0
999,1,1,0,0,0,1,1,1,0,1,0,10,52,4,0
1000,0,0,0,1,1,1,0,0,1,0,1,9,44,5,1
1001,1,1,0,1,0,1,1,1,0,0,0,3,38,3,0
1002,1,1,0,1,1,1,1,1,0,0,0,2,43,4,0
1003,1,1,0,1,1,1,1,1,0,0,0,0,32,5,0
1004,0,1,0,1,0,1,0,0,1,0,0,4,38,0,1
1005,0,1,0,1,1,1,1,0,0,0,0,8,63,2,0
1006,1,1,0,1,0,1,0,1,0,1,0,2,46,0,0
1007,1,1,0,1,0,1,0,1,0,0,1,2,29,0,0
1008,0,0,0,1,1,0,0,0,1,0,1,9,61,2,0
1009,1,1,0,1,1,0,0,0,1,0,0,1,47,0,1
1010,1,1,0,1,1,1,0,1,1,0,0,2,31,3,1
1011,0,1,0,0,0,1,1,1,0,1,0,2,35,4,1
1012,1,1,0,1,0,1,1,1,0,0,0,2,64,0,1
1013,1,1,0,1,1,1,1,1,0,0,0,1,26,3,0
1014,0,1,1,1,1,1,1,0,0,0,0,4,55,5,0
1015,1,1,0,1,1,1,1,1,0,0,0,2,46,1,0
1016,1,1,0,0,0,1,1,1,0,0,0,10,52,3,1
1017,0,1,0,1,1,1,0,0,1,0,1,9,50,2,0
1018,1,1,0,1,1,1,1,1,0,0,0,2,33,3,1
1019,1,1,0,1,0,1,1,1,0,0,0,10,30,3,0
1020,0,1,0,1,0,1,0,0,0,0,0,2,46,4,0
1021,0,1,0,1,0,1,1,0,0,0,1,8,60,5,0
1022,1,1,0,1,0,0,1,1,0,0,0,2,27,1,1
1023,1,1,0,1,0,1,1,1,0,0,0,1,51,0,0
1024,1,1,0,0,0,1,1,1,0,1,0,3,41,3,0
1025,1,1,0,1,0,1,1,1,0,0,0,1,67,3,0
1026,0,0,0,1,1,0,0,0,1,0,1,9,63,2,0
1027,1,1,0,1,0,1,0,1,0,1,0,2,65,0,0
1028,0,1,0,1,1,0,0,0,1,0,1,8,59,3,1
1029,1,1,0,1,1,1,0,1,1,0,0,8,34,5,0
1030,0,1,0,1,1,1,1,1,0,0,0,8,34,5,0
1031,1,1,0,1,1,1,1,1,0,0,0,3,53,4,0
1032,1,1,0,1,0,1,1,1,0,1,0,1,31,4,0
1033,1,1,0,0,0,1,1,1,0,1,0,10,58,3,0
1034,1,1,0,0,0,1,1,1,0,0,0,1,39,4,1
1035,1,1,1,1,0,1,1,1,0,0,0,3,66,3,1
1036,1,1,0,1,0,1,1,1,0,0,0,8,55,3,1
1037,1,1,0,1,0,1,0,1,1,0,0,10,28,3,0
1038,1,1,0,1,1,0,0,1,1,0,1,9,34,3,0
1039,1,1,0,1,0,1,0,1,1,0,0,3,24,3,1
1040,1,1,1,0,0,1,1,0,0,1,0,8,59,0,0
1041,1,1,0,0,0,1,1,1,0,1,0,2,67,0,0
1042,0,1,0,1,1,1,1,0,0,0,1,0,52,3,0
1043,0,1,0,1,0,1,0,1,1,0,0,1,41,4,1
1044,1,1,0,1,0,1,1,1,0,1,0,10,37,3,0
1045,1,1,0,1,1,1,1,1,0,0,0,10,18,4,1
1046,1,1,0,0,0,1,1,1,0,1,0,3,63,4,1
1047,1,1,1,1,1,1,1,1,0,0,0,3,24,4,1
1048,1,1,0,0,0,1,1,1,0,0,0,10,57,1,1
1049,1,1,0,1,0,1,1,1,0,0,0,8,40,3,1
1050,1,1,0,1,1,1,0,1,1,0,0,1,20,3,1
1051,1,1,0,1,1,1,0,1,0,0,0,0,55,0,1
1052,1,1,0,1,1,1,0,1,1,1,0,1,18,5,0
1053,1,1,0,1,0,0,0,0,1,0,0,0,42,3,1
1054,0,1,0,1,0,1,1,0,1,0,1,7,47,5,0
1055,0,1,0,1,0,1,0,0,1,0,0,2,40,0,1
1056,1,1,0,1,0,1,1,1,0,1,0,2,35,3,0
1057,1,1,0,1,1,1,1,0,0,0,0,0,64,3,1
1058,0,1,0,1,1,0,1,1,0,0,1,5,50,0,0
1059,1,1,0,0,0,1,1,1,0,1,0,10,55,4,0
1060,0,0,0,1,1,1,1,0,0,0,1,7,64,2,0
1061,0,1,0,1,1,1,0,0,1,0,1,7,49,5,0
1062,1,1,0,0,0,0,0,1,1,0,0,8,49,0,1
1063,0,1,0,1,0,1,1,0,0,0,0,2,49,4,0
1064,0,1,0,1,1,1,0,0,1,0,1,7,50,0,1
1065,1,1,0,1,0,1,0,1,1,1,0,8,65,5,1
1066,0,1,1,1,1,1,0,0,1,0,1,9,49,4,1
1067,1,1,0,1,1,1,1,1,0,0,0,3,36,3,1
1068,1,1,0,1,1,1,0,1,1,1,0,3,31,1,0
1069,1,1,0,1,1,1,1,1,0,0,0,10,25,4,0
1070,1,1,0,1,0,1,1,1,0,0,0,2,51,3,1
1071,0,1,0,1,0,0,0,0,1,0,0,0,41,4,1
1072,0,1,0,1,1,1,1,0,0,0,0,4,58,5,0
1073,0,1,1,1,0,1,1,1,0,0,0,8,69,3,1
1074,1,1,0,1,0,1,1,1,0,0,0,2,22,4,0
1075,1,1,0,1,0,1,0,1,1,0,0,10,39,3,1
1076,0,1,0,1,1,0,1,0,0,0,0,5,58,3,0
1077,0,1,0,0,1,0,0,0,1,0,0,4,47,3,1
1078,0,1,0,1,0,1,0,1,1,0,0,0,62,4,1
1079,1,1,0,1,0,1,1,1,0,0,0,2,49,3,1
1080,0,1,1,1,0,1,1,1,0,0,0,6,65,5,0
1081,1,1,0,1,0,1,1,1,0,1,0,10,39,4,0
1082,0,1,0,1,1,0,1,0,0,0,1,6,33,5,0
1083,1,1,0,1,0,0,0,1,1,0,0,3,33,4,1
1084,0,1,0,1,0,1,0,1,1,0,0,0,64,3,1
1085,0,1,0,1,1,1,1,1,0,0,0,5,18,5,1
1086,1,1,0,1,0,1,1,1,0,1,0,0,67,3,1
1087,0,1,0,1,0,1,0,0,1,0,1,9,62,5,0
1088,0,1,0,1,1,1,1,1,0,0,0,7,56,2,0
1089,0,1,0,1,1,0,1,1,0,1,0,9,36,3,0
1090,0,1,0,1,0,0,0,1,0,1,0,0,68,5,1
1091,1,1,0,0,0,1,0,1,0,1,0,2,42,3,0
1092,1,1,0,1,0,0,0,1,1,0,0,1,39,4,1
1093,1,1,0,1,1,1,1,1,0,0,0,2,24,3,0
1094,1,1,0,1,1,1,0,1,1,0,0,3,38,4,0
1095,1,1,0,0,0,1,0,1,1,0,0,10,52,4,1
1096,1,1,0,0,0,1,1,1,0,1,0,1,43,4,0
1097,0,1,0,1,0,1,1,0,0,0,0,8,57,0,1
1098,0,1,1,1,1,1,1,0,0,0,0,7,59,5,0
1099,0,0,0,1,0,0,0,1,0,0,1,9,57,2,0
1100,1,1,0,1,0,1,1,1,0,0,0,8,43,0,1
1101,1,1,0,1,1,1,1,1,0,1,0,10,25,4,0
1102,1,1,0,1,0,1,1,1,0,1,0,1,61,0,0
1103,1,1,0,1,1,1,0,1,1,0,0,10,25,3,0
1104,0,0,0,1,1,1,0,0,1,0,1,9,70,5,0
1105,0,1,0,1,1,1,1,0,0,0,0,1,54,0,1
1106,1,1,1,1,0,1,1,1,0,0,0,10,60,0,1
1107,0,1,0,1,1,1,0,0,0,0,0,7,59,5,1
1108,0,0,0,1,1,0,0,0,1,0,1,9,66,2,1
1109,1,1,0,1,0,0,1,0,0,1,0,3,51,4,1
1110,1,1,0,1,0,1,0,1,1,0,0,0,57,3,0
1111,0,1,0,1,1,1,1,0,0,0,0,1,61,0,0
1112,1,1,0,1,1,0,0,1,1,1,0,2,31,3,0
1113,1,1,0,1,1,1,0,1,1,0,0,1,27,4,1
1114,1,1,0,1,1,1,1,1,0,0,0,2,36,4,1
1115,0,1,0,1,1,1,0,0,1,0,1,9,45,2,0
1116,0,1,0,1,1,1,1,0,0,0,1,6,53,0,0
1117,0,1,0,0,0,1,1,1,0,1,0,2,42,5,0
1118,0,1,0,1,1,1,1,1,0,0,0,8,50,5,0
1119,0,1,0,1,0,1,1,0,0,0,1,1,51,3,0
1120,0,0,0,1,1,1,0,0,1,0,1,7,36,2,1
1121,1,1,0,1,0,1,0,1,0,0,0,4,55,1,0
1122,0,1,0,1,1,1,0,1,0,0,0,8,67,0,1
1123,1,1,0,0,0,1,1,1,0,0,0,8,56,3,1
1124,0,1,0,1,1,1,1,0,0,0,0,8,70,5,0
1125,0,0,1,1,1,1,1,1,0,0,1,9,58,5,0
1126,0,0,0,1,1,1,0,0,1,0,1,9,44,2,1
1127,0,1,0,1,0,1,1,0,1,0,0,9,52,5,0
1128,1,1,0,1,1,1,1,0,0,0,0,6,61,5,0
1129,1,1,0,1,0,1,1,1,0,0,0,2,33,3,0
1130,1,1,0,1,1,1,1,1,0,0,0,3,30,3,0
1131,0,0,0,1,1,0,0,0,1,0,1,9,37,0,1
1132,1,1,0,1,1,1,0,1,1,0,0,2,26,0,1
1133,0,1,1,1,0,1,0,0,1,0,0,8,65,5,0
1134,1,1,0,1,0,1,1,1,0,0,0,10,38,3,0
1135,1,1,0,1,0,1,1,1,0,0,0,0,29,4,0
1136,0,1,1,1,0,1,0,0,1,0,1,9,62,2,0
1137,0,1,0,1,0,1,1,1,0,0,0,3,21,4,1
1138,0,1,0,1,0,1,1,0,0,0,0,6,35,5,0
1139,1,0,0,1,1,1,1,1,1,0,1,10,27,0,1
1140,0,0,0,1,1,1,0,0,1,0,1,9,19,2,1
1141,1,1,0,1,1,1,0,1,0,0,0,10,29,0,1
1142,1,1,0,1,0,1,0,0,1,0,0,2,29,4,1
1143,1,1,0,1,1,1,1,1,0,0,0,3,29,4,1
1144,1,1,0,1,0,1,1,1,0,0,0,2,31,4,0
1145,1,1,0,1,1,1,1,1,0,0,0,0,55,3,0
1146,1,1,0,1,1,1,1,1,0,0,0,1,36,0,1
1147,0,1,0,1,1,1,1,1,0,0,1,0,48,5,0
1148,1,1,0,1,1,1,1,1,0,0,0,1,23,0,0
1149,1,1,0,1,1,1,1,1,0,0,0,10,35,3,1
1150,0,1,0,1,0,1,1,0,0,0,1,8,29,2,1
1151,0,1,0,1,1,1,1,1,0,0,1,8,52,0,0
1152,1,1,0,1,1,1,1,1,0,0,0,3,32,4,1
1153,0,1,0,1,0,1,1,0,0,0,0,2,39,4,0
1154,1,1,0,1,0,1,1,1,0,0,0,2,55,3,0
1155,1,1,0,1,0,1,1,1,0,0,0,0,41,4,1
1156,0,1,0,1,1,1,1,0,0,0,1,9,55,2,0
1157,1,1,0,1,0,1,1,1,0,0,0,10,29,3,0
1158,1,1,0,0,0,1,1,1,0,1,0,2,35,4,1
1159,1,1,0,0,0,1,1,1,1,1,0,10,44,4,1
1160,0,1,0,1,0,1,1,1,0,1,0,0,60,0,0
1161,1,1,0,1,0,1,0,1,1,0,0,10,40,3,0
1162,0,1,1,1,1,1,0,0,0,0,0,9,45,5,0
1163,0,1,0,1,1,1,1,0,0,0,0,5,37,5,0
1164,1,1,0,0,0,1,1,1,1,1,0,10,30,4,1
1165,1,1,0,1,0,1,0,1,0,0,0,0,53,3,1
1166,0,1,0,1,1,1,0,0,1,0,1,9,33,3,1
1167,0,1,0,1,0,1,0,0,0,0,0,4,37,0,1
1168,1,1,0,1,1,1,1,1,0,0,0,3,33,3,1
1169,1,1,0,1,0,0,1,1,0,1,0,10,37,4,0
1170,1,1,0,1,1,1,0,0,0,0,0,0,57,0,1
1171,0,0,0,1,1,1,1,0,0,0,1,9,53,2,0
1172,1,1,0,1,0,1,0,1,0,1,0,2,46,1,0
1173,0,1,0,1,1,1,0,1,1,0,1,8,62,0,1
1174,1,1,0,1,0,1,1,1,0,0,0,10,53,3,0
1175,0,1,0,1,0,1,1,0,0,0,1,4,53,5,1
1176,1,1,0,1,1,1,1,1,0,1,0,3,35,3,0
1177,0,1,0,0,1,1,0,0,1,0,1,6,52,5,1
1178,1,1,0,1,1,1,1,1,0,0,0,2,23,3,0
1179,0,1,0,1,1,1,0,0,1,0,1,8,57,2,0
1180,1,0,0,1,1,1,0,1,1,0,0,3,29,4,0
1181,1,1,1,1,1,1,0,1,1,1,0,8,35,5,0
1182,0,0,0,1,1,1,0,0,1,0,1,7,44,0,1
1183,0,1,0,1,1,0,1,0,0,0,1,9,57,0,0
1184,1,1,0,1,0,1,0,1,1,0,0,3,49,3,1
1185,1,1,1,0,0,1,1,1,0,1,0,3,63,3,1
1186,1,1,0,1,1,1,1,1,0,0,0,3,50,4,1
1187,1,1,0,1,1,1,1,1,0,0,0,2,69,3,1
1188,1,1,0,0,0,1,0,1,1,1,0,10,55,4,1
1189,0,1,0,0,0,1,1,0,0,0,0,1,44,4,0
1190,0,1,0,1,0,1,1,0,0,1,0,0,65,5,0
1191,1,1,0,1,1,0,0,1,1,0,1,2,30,0,0
1192,0,1,0,1,0,1,0,0,0,0,0,5,70,5,0
1193,0,0,0,1,1,0,0,0,1,0,1,5,67,0,0
1194,0,1,1,1,1,1,0,1,1,0,0,8,60,0,1
1195,1,1,0,1,1,1,0,1,1,0,0,1,31,0,0
1196,1,1,0,1,1,1,1,1,0,1,0,2,50,4,0
1197,0,1,0,1,1,1,0,0,1,0,1,9,66,5,0
1198,1,1,0,1,1,1,1,1,0,1,0,2,24,3,1
1199,1,1,0,1,1,1,0,0,0,0,0,2,50,3,0
1200,1,1,0,1,0,1,1,1,0,0,0,8,42,4,0
1201,1,1,0,1,1,1,1,1,0,1,0,10,23,4,0
1202,1,1,0,1,1,1,0,1,1,0,0,2,24,3,0
1203,1,1,0,1,0,1,1,1,0,0,0,2,57,3,1
1204,0,1,0,1,0,1,0,0,1,0,0,9,64,2,1
1205,0,0,0,0,0,1,1,1,0,0,0,0,63,3,0
1206,1,1,1,1,1,1,1,1,0,0,1,4,62,5,0
1207,1,1,0,1,1,1,0,1,1,0,0,10,19,4,0
1208,1,1,0,1,0,1,0,1,1,0,0,10,22,0,0
1209,1,1,0,1,1,0,1,1,0,0,1,0,20,0,0
1210,1,1,0,1,0,1,1,1,0,0,0,0,32,3,0
1211,1,1,0,1,0,1,1,1,0,1,0,1,22,0,0
1212,0,1,0,1,1,1,0,0,1,0,1,5,28,5,0
1213,1,1,0,0,0,1,1,1,0,1,1,3,47,3,0
1214,0,1,0,1,0,1,1,0,0,0,0,8,63,3,1
1215,1,1,0,1,1,1,0,1,1,1,1,7,44,0,1
1216,1,1,0,1,1,1,0,1,0,0,0,0,27,5,0
1217,0,1,0,1,1,1,1,0,0,0,0,5,22,3,1
1218,0,1,0,1,1,1,1,1,0,0,0,5,66,2,0
1219,0,1,0,1,1,1,1,1,0,0,0,0,68,0,1
1220,0,1,1,1,1,1,1,1,1,0,1,9,59,2,1
1221,1,1,0,1,1,0,1,1,0,0,0,2,20,3,0
1222,1,1,0,1,1,1,0,1,1,0,0,2,39,4,0
1223,0,1,0,1,1,1,1,0,0,0,1,8,24,0,0
1224,0,1,0,1,0,1,1,0,0,0,0,2,49,4,1
1225,0,1,0,1,1,0,0,0,1,0,1,4,42,0,1
1226,1,1,0,1,1,1,1,1,0,0,0,3,20,0,0
1227,0,0,0,1,1,0,0,0,1,0,1,9,27,5,0
1228,0,1,0,1,1,1,1,0,0,0,1,6,22,2,0
1229,0,1,0,1,1,1,1,0,0,0,1,9,26,5,1
1230,1,1,1,0,0,1,1,1,0,1,0,3,58,4,1
1231,0,0,0,1,1,0,0,0,1,0,1,9,35,5,1
1232,0,1,0,1,1,1,1,1,0,0,0,8,28,4,1
1233,0,1,0,1,1,1,1,0,0,0,0,7,60,2,0
1234,0,1,0,1,1,1,0,0,0,0,0,9,61,0,0
1235,1,1,0,1,0,1,0,1,1,0,0,2,59,3,1
1236,0,1,0,1,1,1,1,0,0,0,0,0,64,0,0
1237,0,1,0,1,1,1,0,1,1,0,1,8,19,2,0
1238,0,1,1,0,0,1,1,1,0,0,0,5,69,0,0
1239,0,1,0,0,1,1,0,1,0,0,0,1,44,3,1
1240,1,1,0,1,1,1,1,1,0,0,0,1,29,4,0
1241,0,1,0,1,1,1,1,0,0,0,0,8,27,0,1
1242,1,1,0,1,1,1,1,1,0,0,1,10,26,0,1
1243,0,1,0,1,1,1,1,0,0,0,0,4,59,5,0
1244,1,1,0,1,1,1,0,0,1,0,0,6,40,5,1
1245,1,1,0,1,0,1,1,1,1,0,1,10,32,5,1
1246,0,1,0,0,0,1,1,0,0,0,1,6,49,0,0
1247,1,1,0,1,0,0,0,1,1,0,0,1,58,0,1
1248,1,1,0,1,0,1,1,1,0,1,0,10,44,4,0
1249,0,1,0,1,0,1,0,0,0,0,1,5,54,0,1
1250,1,1,0,1,1,1,1,1,0,0,0,0,31,4,0
1251,1,1,0,1,0,1,1,1,0,0,0,8,45,0,0
1252,0,1,0,1,0,1,1,1,0,0,0,0,50,0,1
1253,1,1,0,1,1,1,0,1,1,0,0,0,23,3,1
1254,0,1,0,1,0,1,0,0,1,0,1,6,45,5,0
1255,0,1,0,0,1,1,0,1,1,0,0,2,30,4,1
1256,1,1,0,1,1,1,1,1,0,0,1,10,31,0,1
1257,0,1,0,1,1,1,1,1,0,0,1,1,40,0,0
1258,1,1,0,0,0,1,1,1,0,1,0,3,63,3,1
1259,1,1,0,1,0,1,1,1,0,1,0,2,62,0,0
1260,1,1,0,1,1,1,0,1,1,0,0,10,22,1,1
1261,1,1,0,0,0,1,1,1,0,1,0,2,45,3,0
1262,1,1,1,1,1,1,0,1,1,0,0,8,54,0,0
1263,0,0,0,0,0,0,0,0,0,0,0,9,70,2,0
1264,1,1,0,1,1,1,1,1,0,0,1,8,40,3,1
1265,0,1,0,1,1,1,1,0,0,0,0,4,43,0,1
1266,1,1,0,1,1,1,0,1,1,1,0,1,43,4,1
1267,0,1,0,1,1,1,0,1,1,0,1,5,47,5,0
1268,0,1,0,1,1,1,1,0,0,0,0,7,29,5,0
1269,1,1,0,1,1,1,1,1,0,0,0,3,66,4,0
1270,0,1,0,1,1,1,0,0,1,0,1,4,22,0,1
1271,1,1,0,0,0,1,1,1,0,1,0,2,64,0,0
1272,1,1,0,1,1,1,0,1,1,0,0,8,38,3,1
1273,1,1,0,0,0,0,0,0,0,0,0,4,54,0,1
1274,0,0,0,1,1,1,0,0,1,0,1,9,42,5,1
1275,0,1,0,1,1,1,1,0,0,0,0,7,68,0,0
1276,0,1,1,1,1,1,1,0,0,0,1,9,65,2,0
1277,1,1,0,1,1,1,1,1,0,1,0,2,18,3,0
1278,0,1,0,1,0,1,1,1,0,0,0,2,53,0,0
1279,1,1,0,1,0,1,0,1,1,0,0,1,42,3,0
1280,1,1,0,1,0,1,0,1,0,0,0,10,30,3,0
1281,1,1,0,1,0,1,1,1,0,1,0,1,53,5,1
1282,1,1,0,1,1,1,1,1,0,0,0,3,27,3,1
1283,1,1,0,1,1,1,1,1,0,0,0,2,23,4,1
1284,0,0,0,0,0,0,0,0,1,0,1,9,40,5,1
1285,1,0,0,1,0,1,1,1,0,0,0,2,60,0,1
1286,0,1,0,1,1,1,0,0,1,0,0,8,59,4,1
1287,0,0,0,1,1,0,0,0,1,0,1,6,49,3,1
1288,0,1,0,1,1,1,0,0,1,0,1,8,44,3,1
1289,0,0,0,1,1,1,0,0,1,0,1,7,62,2,1
1290,1,1,0,1,0,1,0,1,1,0,0,8,37,3,0
1291,1,1,0,1,1,1,1,1,0,0,0,2,26,3,0
1292,0,1,0,1,1,1,1,1,0,0,1,7,58,5,0
1293,1,1,0,1,1,0,0,1,1,1,0,10,30,4,0
1294,0,1,0,1,1,1,1,0,0,0,0,0,51,0,0
1295,0,1,0,1,0,1,0,0,1,0,0,2,60,3,1
1296,1,1,0,1,0,0,0,1,1,0,0,2,35,3,0
1297,1,1,1,1,0,1,1,1,0,0,0,1,60,4,0
1298,0,1,0,1,0,1,1,0,0,0,0,9,65,5,0
1299,0,1,0,1,0,1,1,1,0,0,0,1,58,0,0
1300,0,0,0,1,1,1,1,0,0,0,1,9,49,2,1
1301,1,1,0,1,1,1,1,1,0,0,0,0,58,0,0
1302,1,1,0,1,1,0,1,1,0,0,0,2,26,0,0
1303,1,1,0,1,1,1,1,0,0,0,0,8,59,0,1
1304,1,1,1,1,1,1,0,1,0,0,1,4,28,3,0
1305,0,1,0,1,1,1,0,1,0,0,0,0,24,0,0
1306,1,1,0,1,1,1,0,1,1,0,0,2,36,1,1
1307,0,0,1,1,1,0,1,0,0,1,1,9,66,5,1
1308,0,1,0,0,0,1,1,0,0,0,0,8,58,0,1
1309,0,1,0,1,1,1,1,1,0,0,0,4,31,3,0
1310,1,1,0,1,0,1,1,1,0,0,0,3,27,1,1
1311,1,1,0,1,1,1,1,1,1,0,1,3,20,4,1
1312,1,1,0,0,0,1,0,1,1,1,0,10,37,4,1
1313,1,1,0,1,0,1,1,1,0,0,0,0,34,3,0
1314,0,0,0,1,1,1,1,0,0,0,1,9,47,2,1
1315,1,1,0,1,1,1,1,1,0,0,0,3,25,0,0
1316,0,1,1,1,1,1,0,1,1,0,1,9,67,5,1
1317,1,1,0,0,0,0,1,1,0,0,0,3,57,3,0
1318,1,1,0,1,0,1,1,1,0,0,0,2,48,4,0
1319,1,1,0,0,0,1,1,1,0,1,0,2,64,3,0
1320,0,1,0,1,1,1,0,0,1,0,1,9,38,0,0
1321,0,1,0,1,1,0,0,0,1,0,1,6,44,5,1
1322,1,1,0,1,0,1,1,1,0,0,0,2,47,3,0
1323,0,1,0,1,1,1,1,1,1,0,0,7,53,0,0
1324,1,1,1,0,0,1,1,1,0,0,0,10,37,3,1
1325,1,0,0,1,1,1,0,1,1,0,0,10,25,0,1
1326,0,1,0,1,0,1,0,1,1,0,0,3,21,1,1
1327,0,1,0,1,1,0,0,0,1,0,1,9,60,2,0
1328,0,1,0,1,0,1,0,0,1,1,0,5,48,5,0
1329,0,1,0,1,1,1,0,0,1,0,0,7,38,5,0
1330,1,1,0,1,1,1,0,1,1,0,0,2,24,3,1
1331,0,1,0,1,1,1,0,0,1,0,0,2,26,3,1
1332,1,1,0,1,1,1,0,1,1,0,0,3,40,4,0
1333,1,1,0,1,0,1,0,1,1,0,0,1,62,3,1
1334,1,1,0,1,0,1,1,1,0,0,0,0,26,0,1
1335,0,1,0,1,0,1,1,1,0,0,0,8,65,3,0
1336,0,1,0,1,1,0,0,1,1,0,0,1,50,3,1
1337,0,0,0,0,0,1,1,0,0,0,0,8,26,2,0
1338,0,1,0,1,1,1,1,0,0,0,0,5,44,0,0
1339,0,1,0,1,0,1,0,0,0,0,0,8,48,4,1
1340,0,1,0,1,1,1,0,0,1,0,1,8,29,3,0
1341,0,1,0,1,1,1,0,0,0,0,0,7,60,5,0
1342,1,1,1,1,0,1,1,1,0,1,0,10,18,1,1
1343,0,1,0,1,1,1,1,0,0,0,1,6,37,5,0
1344,1,1,0,1,0,1,1,0,1,0,1,6,55,5,0
1345,0,1,0,1,1,1,1,0,0,0,0,1,39,0,0
1346,1,1,0,1,0,1,0,1,1,1,0,3,55,3,1
1347,1,1,1,1,1,1,1,1,0,0,0,0,18,0,1
1348,1,1,0,1,0,1,0,1,1,0,0,10,21,4,0
1349,1,1,0,1,0,1,0,1,1,1,0,1,31,3,1
1350,1,1,0,1,0,1,1,1,0,1,0,2,28,3,0
1351,1,1,0,1,1,1,0,1,1,0,0,3,39,3,1
1352,0,1,0,1,0,1,1,1,0,0,0,0,51,0,1
1353,1,1,0,1,1,1,1,1,0,1,0,10,18,4,0
1354,0,1,0,1,0,1,1,0,0,0,1,9,44,2,0
1355,0,1,1,1,1,1,1,0,0,0,1,7,66,2,1
1356,0,1,0,1,1,1,1,0,0,0,1,6,34,5,0
1357,1,1,0,1,0,1,1,1,0,0,0,0,53,0,0
1358,0,0,0,1,1,1,0,0,1,0,0,6,42,5,1
1359,1,1,0,1,1,1,1,1,0,0,0,2,38,0,0
1360,1,1,0,1,1,1,1,1,0,0,0,2,29,3,0
1361,0,1,0,1,1,1,0,1,0,0,0,8,57,0,1
1362,1,1,0,1,0,1,1,1,1,1,0,10,26,4,1
1363,1,1,0,1,0,1,0,1,1,0,0,2,30,4,0
1364,0,1,0,1,0,1,1,1,0,0,1,0,46,0,1
1365,0,1,0,1,0,1,1,0,0,0,0,8,61,0,1
1366,1,1,0,1,0,1,1,1,0,0,0,8,39,4,1
1367,1,1,0,1,0,1,1,1,0,0,0,2,62,0,1
1368,1,1,0,1,0,1,1,1,1,1,0,3,43,3,0
1369,1,1,0,1,1,1,1,1,0,0,0,2,36,3,0
1370,1,1,0,0,1,1,1,1,0,0,0,2,60,0,0
1371,0,1,0,1,0,1,1,0,0,0,0,7,54,5,0
1372,0,1,0,1,0,1,1,1,0,0,0,8,48,4,1
1373,1,1,0,1,1,1,1,1,0,0,0,1,20,3,1
1374,1,1,0,1,1,1,1,1,0,0,0,1,27,3,0
1375,0,1,0,1,0,1,1,1,0,0,0,4,68,3,0
1376,0,1,0,1,1,1,1,1,0,0,0,4,70,3,1
1377,1,1,0,1,1,1,1,1,0,0,0,2,28,3,0
1378,0,1,0,1,1,1,1,0,0,0,1,9,59,2,0
1379,0,1,0,0,0,1,1,0,0,0,0,5,45,5,1
1380,1,1,0,0,0,1,0,1,1,1,0,1,67,0,1
1381,1,1,0,1,1,1,0,0,1,0,1,2,26,4,0
1382,0,0,0,1,1,1,0,0,1,0,1,9,42,2,1
1383,0,1,0,0,0,1,1,0,0,0,0,3,55,4,1
1384,0,1,0,1,1,1,0,0,0,0,1,5,30,5,0
1385,1,1,0,0,0,1,0,1,0,1,0,10,33,4,1
1386,0,1,0,1,0,1,1,0,0,0,0,6,60,0,0
1387,1,1,0,1,0,1,1,1,0,0,0,2,57,3,0
1388,0,1,0,1,1,1,1,1,0,0,0,8,44,3,1
1389,1,1,1,1,0,1,1,1,0,0,0,3,59,0,0
1390,0,0,0,1,1,1,1,0,0,0,1,9,35,2,1
1391,0,1,0,1,1,1,1,0,0,0,0,0,60,5,1
1392,0,1,0,1,1,1,1,0,0,1,1,9,67,2,0
1393,1,1,0,1,1,1,1,1,0,0,0,3,29,4,0
1394,1,1,0,1,1,1,1,1,0,0,0,3,22,3,0
1395,1,0,0,0,0,1,0,1,0,0,0,3,54,5,0
1396,1,1,0,1,0,1,0,1,1,1,0,2,21,1,0
1397,0,1,1,0,0,1,0,1,0,0,0,3,62,3,0
1398,0,1,0,1,1,1,1,0,0,0,1,9,53,2,1
1399,0,1,0,1,1,1,0,0,1,0,1,7,37,5,0
1400,1,1,0,1,1,1,1,1,0,1,0,10,44,4,0
1401,0,1,0,1,1,1,1,0,0,0,1,9,52,2,0
1402,0,1,0,1,0,1,0,0,1,0,0,0,55,0,1
1403,0,1,0,1,1,1,0,0,0,0,1,6,32,5,0
1404,0,0,0,1,1,0,0,0,1,0,1,9,32,3,0
1405,1,1,0,1,0,1,0,1,1,0,0,1,47,0,1
1406,0,1,0,1,1,1,0,0,0,0,1,9,31,5,1
1407,0,1,0,1,0,1,0,1,1,0,0,0,55,5,1
1408,0,1,0,1,1,1,0,0,1,1,0,7,60,5,0
1409,1,1,0,1,0,1,0,1,1,0,0,10,70,4,1
1410,1,1,0,1,0,0,1,1,0,0,0,3,49,5,0
1411,1,1,0,1,1,1,1,1,0,0,0,1,55,5,0
1412,0,0,0,1,1,1,1,0,0,0,0,5,50,0,0
1413,1,1,0,1,0,1,1,1,0,0,0,2,26,3,1
1414,0,1,0,1,0,1,1,0,0,0,1,7,55,5,1
1415,0,1,0,1,1,1,0,1,1,0,1,6,57,0,1
1416,0,1,0,1,1,1,1,0,0,0,0,4,20,3,0
1417,1,1,0,1,0,1,0,1,1,1,0,3,46,3,0
1418,0,0,0,1,1,1,1,0,0,0,1,9,62,2,0
1419,0,1,0,1,1,1,1,0,0,0,1,8,59,0,0
1420,1,1,0,1,0,1,1,1,0,0,0,2,53,3,0
1421,1,1,0,1,1,1,1,1,0,0,0,2,57,0,0
1422,1,1,0,1,0,1,1,1,0,0,0,0,59,0,0
1423,1,1,0,1,0,1,1,1,0,0,0,2,41,3,1
1424,0,1,0,1,0,1,1,0,0,0,0,0,36,3,1
1425,1,1,0,1,0,1,1,1,0,0,0,3,57,3,1
1426,1,0,0,0,0,1,1,1,0,0,0,10,33,3,0
1427,0,1,0,1,0,1,0,0,1,1,0,2,38,3,0
1428,0,1,0,1,1,1,1,1,0,0,0,0,37,0,1
1429,1,1,0,1,1,0,1,1,0,0,0,3,25,1,1
1430,0,1,0,1,1,1,1,0,1,0,1,6,42,4,1
1431,1,1,0,1,0,1,0,1,1,0,0,2,55,0,0
1432,0,1,0,1,1,1,1,0,0,0,0,1,21,4,1
1433,0,0,0,0,0,0,0,0,1,0,1,9,44,5,1
1434,1,1,0,1,1,1,1,1,0,0,1,3,41,4,1
1435,0,1,0,1,1,1,1,0,0,0,1,9,25,2,1
1436,1,1,0,1,1,1,0,1,1,0,0,10,24,3,1
1437,1,1,0,1,0,1,1,1,0,1,0,3,61,0,0
1438,1,1,0,1,1,1,0,1,1,0,0,2,27,3,0
1439,1,1,1,1,1,0,1,1,0,1,1,0,61,3,1
1440,1,1,0,0,0,1,1,1,0,0,0,2,55,3,0
1441,1,1,0,1,1,1,0,1,1,0,0,10,29,4,1
1442,1,1,0,0,1,1,1,1,0,0,0,3,31,3,1
1443,1,1,0,1,0,1,1,1,0,0,0,1,50,5,0
1444,0,1,0,1,1,1,1,0,0,1,0,6,55,2,1
1445,0,1,0,1,1,1,1,1,0,0,1,0,18,3,0
1446,1,1,0,1,1,1,1,1,0,1,0,0,52,0,0
1447,0,1,0,1,1,0,0,1,1,0,0,8,43,3,1
1448,0,1,0,1,1,0,0,0,1,0,1,9,47,5,1
1449,1,1,0,1,0,0,1,1,0,1,0,1,36,4,0
1450,1,1,0,1,0,1,0,1,1,0,0,2,52,3,0
1451,1,1,0,0,0,1,1,1,0,1,0,3,41,0,1
1452,0,1,0,1,1,0,0,0,1,0,1,6,30,0,1
